sample_id,test,profile,counter,delta
cpython_bench_bytesio-1-53bba8e1,cpython_bench_bytesio,core,boot.boot_console_ticks,0
cpython_bench_bytesio-1-53bba8e1,cpython_bench_bytesio,core,boot.boot_drivers_ticks,0
cpython_bench_bytesio-1-53bba8e1,cpython_bench_bytesio,core,boot.boot_fs_ticks,0
cpython_bench_bytesio-1-53bba8e1,cpython_bench_bytesio,core,boot.boot_initproc_ticks,0
cpython_bench_bytesio-1-53bba8e1,cpython_bench_bytesio,core,boot.boot_mm_ticks,0
cpython_bench_bytesio-1-53bba8e1,cpython_bench_bytesio,core,boot.boot_net_ticks,0
cpython_bench_bytesio-1-53bba8e1,cpython_bench_bytesio,core,boot.boot_scheduler_ticks,0
cpython_bench_bytesio-1-53bba8e1,cpython_bench_bytesio,core,boot.clock_freq_hz,0
cpython_bench_bytesio-1-53bba8e1,cpython_bench_bytesio,core,ctxsw.context_switch_total,1038
cpython_bench_bytesio-1-53bba8e1,cpython_bench_bytesio,core,seccomp.seccomp_check_calls,0
cpython_bench_bytesio-1-53bba8e1,cpython_bench_bytesio,core,seccomp.seccomp_check_ticks_max,0
cpython_bench_bytesio-1-53bba8e1,cpython_bench_bytesio,core,seccomp.seccomp_check_ticks_total,0
cpython_bench_bytesio-1-53bba8e1,cpython_bench_bytesio,core,seccomp.seccomp_disabled_bypass,0
cpython_bench_bytesio-1-53bba8e1,cpython_bench_bytesio,core,syscall.ecall_trap_cost_ticks_max,102338128
cpython_bench_bytesio-1-53bba8e1,cpython_bench_bytesio,core,syscall.ecall_trap_cost_ticks_total,619283886
cpython_bench_bytesio-1-53bba8e1,cpython_bench_bytesio,core,syscall.getppid_cost_ticks_max,0
cpython_bench_bytesio-1-53bba8e1,cpython_bench_bytesio,core,syscall.getppid_cost_ticks_total,0
cpython_bench_bytesio-1-53bba8e1,cpython_bench_bytesio,core,syscall.syscall_cost_max_ticks,102337807
cpython_bench_bytesio-1-53bba8e1,cpython_bench_bytesio,core,syscall.syscall_cost_ticks_total,619188899
cpython_bench_bytesio-1-53bba8e1,cpython_bench_bytesio,core,syscall.syscall_getppid_total,0
cpython_bench_bytesio-1-53bba8e1,cpython_bench_bytesio,core,syscall.syscall_total,246
cpython_bench_bytesio-1-53bba8e1,cpython_bench_bytesio,core,syscall.user_unaligned_float_loads,0
cpython_bench_bytesio-1-53bba8e1,cpython_bench_bytesio,core,syscall.user_unaligned_float_stores,0
cpython_bench_bytesio-1-53bba8e1,cpython_bench_bytesio,core,syscall.user_unaligned_load_2,0
cpython_bench_bytesio-1-53bba8e1,cpython_bench_bytesio,core,syscall.user_unaligned_load_4,0
cpython_bench_bytesio-1-53bba8e1,cpython_bench_bytesio,core,syscall.user_unaligned_load_8,0
cpython_bench_bytesio-1-53bba8e1,cpython_bench_bytesio,core,syscall.user_unaligned_store_2,0
cpython_bench_bytesio-1-53bba8e1,cpython_bench_bytesio,core,syscall.user_unaligned_store_4,0
cpython_bench_bytesio-1-53bba8e1,cpython_bench_bytesio,core,syscall.user_unaligned_store_8,0
cpython_bench_bytesio-1-53bba8e1,cpython_bench_bytesio,core,syscall.user_unaligned_ticks_max,0
cpython_bench_bytesio-1-53bba8e1,cpython_bench_bytesio,core,syscall.user_unaligned_ticks_total,0
cpython_bench_bytesio-1-53bba8e1,cpython_bench_bytesio,core,syscall.user_unaligned_traps,0
cpython_bench_bytesio-1-53bba8e1,cpython_bench_bytesio,core,taskq.add_interruptible_total,6
cpython_bench_bytesio-1-53bba8e1,cpython_bench_bytesio,core,taskq.add_ready_total,519
cpython_bench_bytesio-1-53bba8e1,cpython_bench_bytesio,core,taskq.dup_enqueue_total,0
cpython_bench_bytesio-1-53bba8e1,cpython_bench_bytesio,core,taskq.fair_pick_calls,0
cpython_bench_bytesio-1-53bba8e1,cpython_bench_bytesio,core,taskq.fair_scan_max,0
cpython_bench_bytesio-1-53bba8e1,cpython_bench_bytesio,core,taskq.fast_path_calls,519
cpython_bench_bytesio-1-53bba8e1,cpython_bench_bytesio,core,taskq.interruptible_len_max,5
cpython_bench_bytesio-1-53bba8e1,cpython_bench_bytesio,core,taskq.interruptible_zombie_max,0
cpython_bench_bytesio-1-53bba8e1,cpython_bench_bytesio,core,taskq.ready_len_max,2
cpython_bench_bytesio-1-53bba8e1,cpython_bench_bytesio,core,taskq.ready_nonzero_nice_cur,0
cpython_bench_bytesio-1-53bba8e1,cpython_bench_bytesio,core,taskq.ready_zombie_max,0
cpython_bench_bytesio-1-53bba8e1,cpython_bench_bytesio,core,taskq.wake_interruptible_total,6
cpython_bench_bytesio-1-53bba8e1,cpython_bench_bytesio,core,taskq.zombie_drain_calls,0
cpython_bench_bytesio-1-53bba8e1,cpython_bench_bytesio,core,taskq.zombie_drain_removed,0
cpython_bench_bytesio-1-53bba8e1,cpython_bench_bytesio,core,taskq.zombie_drain_scan_total,0
cpython_bench_bytesio-1-53bba8e1,cpython_bench_bytesio,core,timer.ktimer_add_total,6
cpython_bench_bytesio-1-53bba8e1,cpython_bench_bytesio,core,timer.ktimer_compact_calls,0
cpython_bench_bytesio-1-53bba8e1,cpython_bench_bytesio,core,timer.ktimer_len_max,1
cpython_bench_bytesio-1-53bba8e1,cpython_bench_bytesio,core,timer.ktimer_pop_max,1
cpython_bench_bytesio-1-53bba8e1,cpython_bench_bytesio,core,timer.ktimer_pop_total,513
cpython_bench_bytesio-1-53bba8e1,cpython_bench_bytesio,core,timer.ktimer_real_wake,6
cpython_bench_bytesio-1-53bba8e1,cpython_bench_bytesio,core,timer.ktimer_stale_removed,0
cpython_bench_bytesio-1-53bba8e1,cpython_bench_bytesio,core,timer.ktimer_stale_waketask,0
cpython_bench_bytesio-1-53bba8e1,cpython_bench_bytesio,core,timer.timer_irq_ticks_max,22134
cpython_bench_bytesio-1-53bba8e1,cpython_bench_bytesio,core,timer.timer_irq_ticks_total,1570754
cpython_bench_bytesio-1-53bba8e1,cpython_bench_bytesio,core,timer.timer_pop_nodes_total,6
cpython_bench_bytesio-1-53bba8e1,cpython_bench_bytesio,core,timer.timer_pop_ticks_max,457
cpython_bench_bytesio-1-53bba8e1,cpython_bench_bytesio,core,timer.timer_pop_ticks_total,70657
cpython_bench_bytesio-1-53bba8e1,cpython_bench_bytesio,core,timer.wait_with_timeout_total,6
cpython_bench_chaos-1-cc721f08,cpython_bench_chaos,core,boot.boot_console_ticks,0
cpython_bench_chaos-1-cc721f08,cpython_bench_chaos,core,boot.boot_drivers_ticks,0
cpython_bench_chaos-1-cc721f08,cpython_bench_chaos,core,boot.boot_fs_ticks,0
cpython_bench_chaos-1-cc721f08,cpython_bench_chaos,core,boot.boot_initproc_ticks,0
cpython_bench_chaos-1-cc721f08,cpython_bench_chaos,core,boot.boot_mm_ticks,0
cpython_bench_chaos-1-cc721f08,cpython_bench_chaos,core,boot.boot_net_ticks,0
cpython_bench_chaos-1-cc721f08,cpython_bench_chaos,core,boot.boot_scheduler_ticks,0
cpython_bench_chaos-1-cc721f08,cpython_bench_chaos,core,boot.clock_freq_hz,0
cpython_bench_chaos-1-cc721f08,cpython_bench_chaos,core,ctxsw.context_switch_total,2978
cpython_bench_chaos-1-cc721f08,cpython_bench_chaos,core,seccomp.seccomp_check_calls,0
cpython_bench_chaos-1-cc721f08,cpython_bench_chaos,core,seccomp.seccomp_check_ticks_max,0
cpython_bench_chaos-1-cc721f08,cpython_bench_chaos,core,seccomp.seccomp_check_ticks_total,0
cpython_bench_chaos-1-cc721f08,cpython_bench_chaos,core,seccomp.seccomp_disabled_bypass,0
cpython_bench_chaos-1-cc721f08,cpython_bench_chaos,core,syscall.ecall_trap_cost_ticks_max,100001874
cpython_bench_chaos-1-cc721f08,cpython_bench_chaos,core,syscall.ecall_trap_cost_ticks_total,1400199667
cpython_bench_chaos-1-cc721f08,cpython_bench_chaos,core,syscall.getppid_cost_ticks_max,0
cpython_bench_chaos-1-cc721f08,cpython_bench_chaos,core,syscall.getppid_cost_ticks_total,0
cpython_bench_chaos-1-cc721f08,cpython_bench_chaos,core,syscall.syscall_cost_max_ticks,100001471
cpython_bench_chaos-1-cc721f08,cpython_bench_chaos,core,syscall.syscall_cost_ticks_total,1400184998
cpython_bench_chaos-1-cc721f08,cpython_bench_chaos,core,syscall.syscall_getppid_total,0
cpython_bench_chaos-1-cc721f08,cpython_bench_chaos,core,syscall.syscall_total,48
cpython_bench_chaos-1-cc721f08,cpython_bench_chaos,core,syscall.user_unaligned_float_loads,0
cpython_bench_chaos-1-cc721f08,cpython_bench_chaos,core,syscall.user_unaligned_float_stores,0
cpython_bench_chaos-1-cc721f08,cpython_bench_chaos,core,syscall.user_unaligned_load_2,0
cpython_bench_chaos-1-cc721f08,cpython_bench_chaos,core,syscall.user_unaligned_load_4,0
cpython_bench_chaos-1-cc721f08,cpython_bench_chaos,core,syscall.user_unaligned_load_8,0
cpython_bench_chaos-1-cc721f08,cpython_bench_chaos,core,syscall.user_unaligned_store_2,0
cpython_bench_chaos-1-cc721f08,cpython_bench_chaos,core,syscall.user_unaligned_store_4,0
cpython_bench_chaos-1-cc721f08,cpython_bench_chaos,core,syscall.user_unaligned_store_8,0
cpython_bench_chaos-1-cc721f08,cpython_bench_chaos,core,syscall.user_unaligned_ticks_max,0
cpython_bench_chaos-1-cc721f08,cpython_bench_chaos,core,syscall.user_unaligned_ticks_total,0
cpython_bench_chaos-1-cc721f08,cpython_bench_chaos,core,syscall.user_unaligned_traps,0
cpython_bench_chaos-1-cc721f08,cpython_bench_chaos,core,taskq.add_interruptible_total,15
cpython_bench_chaos-1-cc721f08,cpython_bench_chaos,core,taskq.add_ready_total,1489
cpython_bench_chaos-1-cc721f08,cpython_bench_chaos,core,taskq.dup_enqueue_total,0
cpython_bench_chaos-1-cc721f08,cpython_bench_chaos,core,taskq.fair_pick_calls,0
cpython_bench_chaos-1-cc721f08,cpython_bench_chaos,core,taskq.fair_scan_max,0
cpython_bench_chaos-1-cc721f08,cpython_bench_chaos,core,taskq.fast_path_calls,1489
cpython_bench_chaos-1-cc721f08,cpython_bench_chaos,core,taskq.interruptible_len_max,5
cpython_bench_chaos-1-cc721f08,cpython_bench_chaos,core,taskq.interruptible_zombie_max,0
cpython_bench_chaos-1-cc721f08,cpython_bench_chaos,core,taskq.ready_len_max,2
cpython_bench_chaos-1-cc721f08,cpython_bench_chaos,core,taskq.ready_nonzero_nice_cur,0
cpython_bench_chaos-1-cc721f08,cpython_bench_chaos,core,taskq.ready_zombie_max,0
cpython_bench_chaos-1-cc721f08,cpython_bench_chaos,core,taskq.wake_interruptible_total,15
cpython_bench_chaos-1-cc721f08,cpython_bench_chaos,core,taskq.zombie_drain_calls,0
cpython_bench_chaos-1-cc721f08,cpython_bench_chaos,core,taskq.zombie_drain_removed,0
cpython_bench_chaos-1-cc721f08,cpython_bench_chaos,core,taskq.zombie_drain_scan_total,0
cpython_bench_chaos-1-cc721f08,cpython_bench_chaos,core,timer.ktimer_add_total,15
cpython_bench_chaos-1-cc721f08,cpython_bench_chaos,core,timer.ktimer_compact_calls,0
cpython_bench_chaos-1-cc721f08,cpython_bench_chaos,core,timer.ktimer_len_max,1
cpython_bench_chaos-1-cc721f08,cpython_bench_chaos,core,timer.ktimer_pop_max,1
cpython_bench_chaos-1-cc721f08,cpython_bench_chaos,core,timer.ktimer_pop_total,1474
cpython_bench_chaos-1-cc721f08,cpython_bench_chaos,core,timer.ktimer_real_wake,15
cpython_bench_chaos-1-cc721f08,cpython_bench_chaos,core,timer.ktimer_stale_removed,0
cpython_bench_chaos-1-cc721f08,cpython_bench_chaos,core,timer.ktimer_stale_waketask,0
cpython_bench_chaos-1-cc721f08,cpython_bench_chaos,core,timer.timer_irq_ticks_max,18923
cpython_bench_chaos-1-cc721f08,cpython_bench_chaos,core,timer.timer_irq_ticks_total,4064886
cpython_bench_chaos-1-cc721f08,cpython_bench_chaos,core,timer.timer_pop_nodes_total,15
cpython_bench_chaos-1-cc721f08,cpython_bench_chaos,core,timer.timer_pop_ticks_max,468
cpython_bench_chaos-1-cc721f08,cpython_bench_chaos,core,timer.timer_pop_ticks_total,170299
cpython_bench_chaos-1-cc721f08,cpython_bench_chaos,core,timer.wait_with_timeout_total,15
cpython_bench_decimal-1-8cc4fb9b,cpython_bench_decimal,core,boot.boot_console_ticks,0
cpython_bench_decimal-1-8cc4fb9b,cpython_bench_decimal,core,boot.boot_drivers_ticks,0
cpython_bench_decimal-1-8cc4fb9b,cpython_bench_decimal,core,boot.boot_fs_ticks,0
cpython_bench_decimal-1-8cc4fb9b,cpython_bench_decimal,core,boot.boot_initproc_ticks,0
cpython_bench_decimal-1-8cc4fb9b,cpython_bench_decimal,core,boot.boot_mm_ticks,0
cpython_bench_decimal-1-8cc4fb9b,cpython_bench_decimal,core,boot.boot_net_ticks,0
cpython_bench_decimal-1-8cc4fb9b,cpython_bench_decimal,core,boot.boot_scheduler_ticks,0
cpython_bench_decimal-1-8cc4fb9b,cpython_bench_decimal,core,boot.clock_freq_hz,0
cpython_bench_decimal-1-8cc4fb9b,cpython_bench_decimal,core,ctxsw.context_switch_total,3106
cpython_bench_decimal-1-8cc4fb9b,cpython_bench_decimal,core,seccomp.seccomp_check_calls,0
cpython_bench_decimal-1-8cc4fb9b,cpython_bench_decimal,core,seccomp.seccomp_check_ticks_max,0
cpython_bench_decimal-1-8cc4fb9b,cpython_bench_decimal,core,seccomp.seccomp_check_ticks_total,0
cpython_bench_decimal-1-8cc4fb9b,cpython_bench_decimal,core,seccomp.seccomp_disabled_bypass,0
cpython_bench_decimal-1-8cc4fb9b,cpython_bench_decimal,core,syscall.ecall_trap_cost_ticks_max,100002187
cpython_bench_decimal-1-8cc4fb9b,cpython_bench_decimal,core,syscall.ecall_trap_cost_ticks_total,1431417101
cpython_bench_decimal-1-8cc4fb9b,cpython_bench_decimal,core,syscall.getppid_cost_ticks_max,0
cpython_bench_decimal-1-8cc4fb9b,cpython_bench_decimal,core,syscall.getppid_cost_ticks_total,0
cpython_bench_decimal-1-8cc4fb9b,cpython_bench_decimal,core,syscall.syscall_cost_max_ticks,100001814
cpython_bench_decimal-1-8cc4fb9b,cpython_bench_decimal,core,syscall.syscall_cost_ticks_total,1431280013
cpython_bench_decimal-1-8cc4fb9b,cpython_bench_decimal,core,syscall.syscall_getppid_total,0
cpython_bench_decimal-1-8cc4fb9b,cpython_bench_decimal,core,syscall.syscall_total,289
cpython_bench_decimal-1-8cc4fb9b,cpython_bench_decimal,core,syscall.user_unaligned_float_loads,0
cpython_bench_decimal-1-8cc4fb9b,cpython_bench_decimal,core,syscall.user_unaligned_float_stores,0
cpython_bench_decimal-1-8cc4fb9b,cpython_bench_decimal,core,syscall.user_unaligned_load_2,0
cpython_bench_decimal-1-8cc4fb9b,cpython_bench_decimal,core,syscall.user_unaligned_load_4,0
cpython_bench_decimal-1-8cc4fb9b,cpython_bench_decimal,core,syscall.user_unaligned_load_8,0
cpython_bench_decimal-1-8cc4fb9b,cpython_bench_decimal,core,syscall.user_unaligned_store_2,0
cpython_bench_decimal-1-8cc4fb9b,cpython_bench_decimal,core,syscall.user_unaligned_store_4,0
cpython_bench_decimal-1-8cc4fb9b,cpython_bench_decimal,core,syscall.user_unaligned_store_8,0
cpython_bench_decimal-1-8cc4fb9b,cpython_bench_decimal,core,syscall.user_unaligned_ticks_max,0
cpython_bench_decimal-1-8cc4fb9b,cpython_bench_decimal,core,syscall.user_unaligned_ticks_total,0
cpython_bench_decimal-1-8cc4fb9b,cpython_bench_decimal,core,syscall.user_unaligned_traps,0
cpython_bench_decimal-1-8cc4fb9b,cpython_bench_decimal,core,taskq.add_interruptible_total,15
cpython_bench_decimal-1-8cc4fb9b,cpython_bench_decimal,core,taskq.add_ready_total,1553
cpython_bench_decimal-1-8cc4fb9b,cpython_bench_decimal,core,taskq.dup_enqueue_total,0
cpython_bench_decimal-1-8cc4fb9b,cpython_bench_decimal,core,taskq.fair_pick_calls,0
cpython_bench_decimal-1-8cc4fb9b,cpython_bench_decimal,core,taskq.fair_scan_max,0
cpython_bench_decimal-1-8cc4fb9b,cpython_bench_decimal,core,taskq.fast_path_calls,1553
cpython_bench_decimal-1-8cc4fb9b,cpython_bench_decimal,core,taskq.interruptible_len_max,5
cpython_bench_decimal-1-8cc4fb9b,cpython_bench_decimal,core,taskq.interruptible_zombie_max,0
cpython_bench_decimal-1-8cc4fb9b,cpython_bench_decimal,core,taskq.ready_len_max,2
cpython_bench_decimal-1-8cc4fb9b,cpython_bench_decimal,core,taskq.ready_nonzero_nice_cur,0
cpython_bench_decimal-1-8cc4fb9b,cpython_bench_decimal,core,taskq.ready_zombie_max,0
cpython_bench_decimal-1-8cc4fb9b,cpython_bench_decimal,core,taskq.wake_interruptible_total,15
cpython_bench_decimal-1-8cc4fb9b,cpython_bench_decimal,core,taskq.zombie_drain_calls,0
cpython_bench_decimal-1-8cc4fb9b,cpython_bench_decimal,core,taskq.zombie_drain_removed,0
cpython_bench_decimal-1-8cc4fb9b,cpython_bench_decimal,core,taskq.zombie_drain_scan_total,0
cpython_bench_decimal-1-8cc4fb9b,cpython_bench_decimal,core,timer.ktimer_add_total,15
cpython_bench_decimal-1-8cc4fb9b,cpython_bench_decimal,core,timer.ktimer_compact_calls,0
cpython_bench_decimal-1-8cc4fb9b,cpython_bench_decimal,core,timer.ktimer_len_max,1
cpython_bench_decimal-1-8cc4fb9b,cpython_bench_decimal,core,timer.ktimer_pop_max,1
cpython_bench_decimal-1-8cc4fb9b,cpython_bench_decimal,core,timer.ktimer_pop_total,1538
cpython_bench_decimal-1-8cc4fb9b,cpython_bench_decimal,core,timer.ktimer_real_wake,15
cpython_bench_decimal-1-8cc4fb9b,cpython_bench_decimal,core,timer.ktimer_stale_removed,0
cpython_bench_decimal-1-8cc4fb9b,cpython_bench_decimal,core,timer.ktimer_stale_waketask,0
cpython_bench_decimal-1-8cc4fb9b,cpython_bench_decimal,core,timer.timer_irq_ticks_max,19305
cpython_bench_decimal-1-8cc4fb9b,cpython_bench_decimal,core,timer.timer_irq_ticks_total,5114479
cpython_bench_decimal-1-8cc4fb9b,cpython_bench_decimal,core,timer.timer_pop_nodes_total,15
cpython_bench_decimal-1-8cc4fb9b,cpython_bench_decimal,core,timer.timer_pop_ticks_max,950
cpython_bench_decimal-1-8cc4fb9b,cpython_bench_decimal,core,timer.timer_pop_ticks_total,246440
cpython_bench_decimal-1-8cc4fb9b,cpython_bench_decimal,core,timer.wait_with_timeout_total,15
cpython_bench_dict-1-eab8922a,cpython_bench_dict,core,boot.boot_console_ticks,0
cpython_bench_dict-1-eab8922a,cpython_bench_dict,core,boot.boot_drivers_ticks,0
cpython_bench_dict-1-eab8922a,cpython_bench_dict,core,boot.boot_fs_ticks,0
cpython_bench_dict-1-eab8922a,cpython_bench_dict,core,boot.boot_initproc_ticks,0
cpython_bench_dict-1-eab8922a,cpython_bench_dict,core,boot.boot_mm_ticks,0
cpython_bench_dict-1-eab8922a,cpython_bench_dict,core,boot.boot_net_ticks,0
cpython_bench_dict-1-eab8922a,cpython_bench_dict,core,boot.boot_scheduler_ticks,0
cpython_bench_dict-1-eab8922a,cpython_bench_dict,core,boot.clock_freq_hz,0
cpython_bench_dict-1-eab8922a,cpython_bench_dict,core,ctxsw.context_switch_total,1172
cpython_bench_dict-1-eab8922a,cpython_bench_dict,core,seccomp.seccomp_check_calls,0
cpython_bench_dict-1-eab8922a,cpython_bench_dict,core,seccomp.seccomp_check_ticks_max,0
cpython_bench_dict-1-eab8922a,cpython_bench_dict,core,seccomp.seccomp_check_ticks_total,0
cpython_bench_dict-1-eab8922a,cpython_bench_dict,core,seccomp.seccomp_disabled_bypass,0
cpython_bench_dict-1-eab8922a,cpython_bench_dict,core,syscall.ecall_trap_cost_ticks_max,131206086
cpython_bench_dict-1-eab8922a,cpython_bench_dict,core,syscall.ecall_trap_cost_ticks_total,599890154
cpython_bench_dict-1-eab8922a,cpython_bench_dict,core,syscall.getppid_cost_ticks_max,0
cpython_bench_dict-1-eab8922a,cpython_bench_dict,core,syscall.getppid_cost_ticks_total,0
cpython_bench_dict-1-eab8922a,cpython_bench_dict,core,syscall.syscall_cost_max_ticks,131205789
cpython_bench_dict-1-eab8922a,cpython_bench_dict,core,syscall.syscall_cost_ticks_total,599809501
cpython_bench_dict-1-eab8922a,cpython_bench_dict,core,syscall.syscall_getppid_total,0
cpython_bench_dict-1-eab8922a,cpython_bench_dict,core,syscall.syscall_total,135
cpython_bench_dict-1-eab8922a,cpython_bench_dict,core,syscall.user_unaligned_float_loads,0
cpython_bench_dict-1-eab8922a,cpython_bench_dict,core,syscall.user_unaligned_float_stores,0
cpython_bench_dict-1-eab8922a,cpython_bench_dict,core,syscall.user_unaligned_load_2,0
cpython_bench_dict-1-eab8922a,cpython_bench_dict,core,syscall.user_unaligned_load_4,0
cpython_bench_dict-1-eab8922a,cpython_bench_dict,core,syscall.user_unaligned_load_8,0
cpython_bench_dict-1-eab8922a,cpython_bench_dict,core,syscall.user_unaligned_store_2,0
cpython_bench_dict-1-eab8922a,cpython_bench_dict,core,syscall.user_unaligned_store_4,0
cpython_bench_dict-1-eab8922a,cpython_bench_dict,core,syscall.user_unaligned_store_8,0
cpython_bench_dict-1-eab8922a,cpython_bench_dict,core,syscall.user_unaligned_ticks_max,0
cpython_bench_dict-1-eab8922a,cpython_bench_dict,core,syscall.user_unaligned_ticks_total,0
cpython_bench_dict-1-eab8922a,cpython_bench_dict,core,syscall.user_unaligned_traps,0
cpython_bench_dict-1-eab8922a,cpython_bench_dict,core,taskq.add_interruptible_total,6
cpython_bench_dict-1-eab8922a,cpython_bench_dict,core,taskq.add_ready_total,586
cpython_bench_dict-1-eab8922a,cpython_bench_dict,core,taskq.dup_enqueue_total,0
cpython_bench_dict-1-eab8922a,cpython_bench_dict,core,taskq.fair_pick_calls,0
cpython_bench_dict-1-eab8922a,cpython_bench_dict,core,taskq.fair_scan_max,0
cpython_bench_dict-1-eab8922a,cpython_bench_dict,core,taskq.fast_path_calls,586
cpython_bench_dict-1-eab8922a,cpython_bench_dict,core,taskq.interruptible_len_max,5
cpython_bench_dict-1-eab8922a,cpython_bench_dict,core,taskq.interruptible_zombie_max,0
cpython_bench_dict-1-eab8922a,cpython_bench_dict,core,taskq.ready_len_max,2
cpython_bench_dict-1-eab8922a,cpython_bench_dict,core,taskq.ready_nonzero_nice_cur,0
cpython_bench_dict-1-eab8922a,cpython_bench_dict,core,taskq.ready_zombie_max,0
cpython_bench_dict-1-eab8922a,cpython_bench_dict,core,taskq.wake_interruptible_total,6
cpython_bench_dict-1-eab8922a,cpython_bench_dict,core,taskq.zombie_drain_calls,0
cpython_bench_dict-1-eab8922a,cpython_bench_dict,core,taskq.zombie_drain_removed,0
cpython_bench_dict-1-eab8922a,cpython_bench_dict,core,taskq.zombie_drain_scan_total,0
cpython_bench_dict-1-eab8922a,cpython_bench_dict,core,timer.ktimer_add_total,6
cpython_bench_dict-1-eab8922a,cpython_bench_dict,core,timer.ktimer_compact_calls,0
cpython_bench_dict-1-eab8922a,cpython_bench_dict,core,timer.ktimer_len_max,1
cpython_bench_dict-1-eab8922a,cpython_bench_dict,core,timer.ktimer_pop_max,1
cpython_bench_dict-1-eab8922a,cpython_bench_dict,core,timer.ktimer_pop_total,580
cpython_bench_dict-1-eab8922a,cpython_bench_dict,core,timer.ktimer_real_wake,6
cpython_bench_dict-1-eab8922a,cpython_bench_dict,core,timer.ktimer_stale_removed,0
cpython_bench_dict-1-eab8922a,cpython_bench_dict,core,timer.ktimer_stale_waketask,0
cpython_bench_dict-1-eab8922a,cpython_bench_dict,core,timer.timer_irq_ticks_max,23198
cpython_bench_dict-1-eab8922a,cpython_bench_dict,core,timer.timer_irq_ticks_total,2420454
cpython_bench_dict-1-eab8922a,cpython_bench_dict,core,timer.timer_pop_nodes_total,6
cpython_bench_dict-1-eab8922a,cpython_bench_dict,core,timer.timer_pop_ticks_max,706
cpython_bench_dict-1-eab8922a,cpython_bench_dict,core,timer.timer_pop_ticks_total,140512
cpython_bench_dict-1-eab8922a,cpython_bench_dict,core,timer.wait_with_timeout_total,6
cpython_bench_fileio-1-04d12d92,cpython_bench_fileio,core,boot.boot_console_ticks,0
cpython_bench_fileio-1-04d12d92,cpython_bench_fileio,core,boot.boot_drivers_ticks,0
cpython_bench_fileio-1-04d12d92,cpython_bench_fileio,core,boot.boot_fs_ticks,0
cpython_bench_fileio-1-04d12d92,cpython_bench_fileio,core,boot.boot_initproc_ticks,0
cpython_bench_fileio-1-04d12d92,cpython_bench_fileio,core,boot.boot_mm_ticks,0
cpython_bench_fileio-1-04d12d92,cpython_bench_fileio,core,boot.boot_net_ticks,0
cpython_bench_fileio-1-04d12d92,cpython_bench_fileio,core,boot.boot_scheduler_ticks,0
cpython_bench_fileio-1-04d12d92,cpython_bench_fileio,core,boot.clock_freq_hz,0
cpython_bench_fileio-1-04d12d92,cpython_bench_fileio,core,ctxsw.context_switch_total,8660
cpython_bench_fileio-1-04d12d92,cpython_bench_fileio,core,seccomp.seccomp_check_calls,0
cpython_bench_fileio-1-04d12d92,cpython_bench_fileio,core,seccomp.seccomp_check_ticks_max,0
cpython_bench_fileio-1-04d12d92,cpython_bench_fileio,core,seccomp.seccomp_check_ticks_total,0
cpython_bench_fileio-1-04d12d92,cpython_bench_fileio,core,seccomp.seccomp_disabled_bypass,0
cpython_bench_fileio-1-04d12d92,cpython_bench_fileio,core,syscall.ecall_trap_cost_ticks_max,113545840
cpython_bench_fileio-1-04d12d92,cpython_bench_fileio,core,syscall.ecall_trap_cost_ticks_total,7596838511
cpython_bench_fileio-1-04d12d92,cpython_bench_fileio,core,syscall.getppid_cost_ticks_max,0
cpython_bench_fileio-1-04d12d92,cpython_bench_fileio,core,syscall.getppid_cost_ticks_total,0
cpython_bench_fileio-1-04d12d92,cpython_bench_fileio,core,syscall.syscall_cost_max_ticks,113545529
cpython_bench_fileio-1-04d12d92,cpython_bench_fileio,core,syscall.syscall_cost_ticks_total,7572234292
cpython_bench_fileio-1-04d12d92,cpython_bench_fileio,core,syscall.syscall_getppid_total,0
cpython_bench_fileio-1-04d12d92,cpython_bench_fileio,core,syscall.syscall_total,98418
cpython_bench_fileio-1-04d12d92,cpython_bench_fileio,core,syscall.user_unaligned_float_loads,0
cpython_bench_fileio-1-04d12d92,cpython_bench_fileio,core,syscall.user_unaligned_float_stores,0
cpython_bench_fileio-1-04d12d92,cpython_bench_fileio,core,syscall.user_unaligned_load_2,0
cpython_bench_fileio-1-04d12d92,cpython_bench_fileio,core,syscall.user_unaligned_load_4,0
cpython_bench_fileio-1-04d12d92,cpython_bench_fileio,core,syscall.user_unaligned_load_8,0
cpython_bench_fileio-1-04d12d92,cpython_bench_fileio,core,syscall.user_unaligned_store_2,0
cpython_bench_fileio-1-04d12d92,cpython_bench_fileio,core,syscall.user_unaligned_store_4,0
cpython_bench_fileio-1-04d12d92,cpython_bench_fileio,core,syscall.user_unaligned_store_8,0
cpython_bench_fileio-1-04d12d92,cpython_bench_fileio,core,syscall.user_unaligned_ticks_max,0
cpython_bench_fileio-1-04d12d92,cpython_bench_fileio,core,syscall.user_unaligned_ticks_total,0
cpython_bench_fileio-1-04d12d92,cpython_bench_fileio,core,syscall.user_unaligned_traps,0
cpython_bench_fileio-1-04d12d92,cpython_bench_fileio,core,taskq.add_interruptible_total,43
cpython_bench_fileio-1-04d12d92,cpython_bench_fileio,core,taskq.add_ready_total,4330
cpython_bench_fileio-1-04d12d92,cpython_bench_fileio,core,taskq.dup_enqueue_total,0
cpython_bench_fileio-1-04d12d92,cpython_bench_fileio,core,taskq.fair_pick_calls,0
cpython_bench_fileio-1-04d12d92,cpython_bench_fileio,core,taskq.fair_scan_max,0
cpython_bench_fileio-1-04d12d92,cpython_bench_fileio,core,taskq.fast_path_calls,4330
cpython_bench_fileio-1-04d12d92,cpython_bench_fileio,core,taskq.interruptible_len_max,5
cpython_bench_fileio-1-04d12d92,cpython_bench_fileio,core,taskq.interruptible_zombie_max,0
cpython_bench_fileio-1-04d12d92,cpython_bench_fileio,core,taskq.ready_len_max,2
cpython_bench_fileio-1-04d12d92,cpython_bench_fileio,core,taskq.ready_nonzero_nice_cur,0
cpython_bench_fileio-1-04d12d92,cpython_bench_fileio,core,taskq.ready_zombie_max,0
cpython_bench_fileio-1-04d12d92,cpython_bench_fileio,core,taskq.wake_interruptible_total,43
cpython_bench_fileio-1-04d12d92,cpython_bench_fileio,core,taskq.zombie_drain_calls,0
cpython_bench_fileio-1-04d12d92,cpython_bench_fileio,core,taskq.zombie_drain_removed,0
cpython_bench_fileio-1-04d12d92,cpython_bench_fileio,core,taskq.zombie_drain_scan_total,0
cpython_bench_fileio-1-04d12d92,cpython_bench_fileio,core,timer.ktimer_add_total,43
cpython_bench_fileio-1-04d12d92,cpython_bench_fileio,core,timer.ktimer_compact_calls,0
cpython_bench_fileio-1-04d12d92,cpython_bench_fileio,core,timer.ktimer_len_max,1
cpython_bench_fileio-1-04d12d92,cpython_bench_fileio,core,timer.ktimer_pop_max,1
cpython_bench_fileio-1-04d12d92,cpython_bench_fileio,core,timer.ktimer_pop_total,4287
cpython_bench_fileio-1-04d12d92,cpython_bench_fileio,core,timer.ktimer_real_wake,43
cpython_bench_fileio-1-04d12d92,cpython_bench_fileio,core,timer.ktimer_stale_removed,0
cpython_bench_fileio-1-04d12d92,cpython_bench_fileio,core,timer.ktimer_stale_waketask,0
cpython_bench_fileio-1-04d12d92,cpython_bench_fileio,core,timer.timer_irq_ticks_max,20812
cpython_bench_fileio-1-04d12d92,cpython_bench_fileio,core,timer.timer_irq_ticks_total,14547179
cpython_bench_fileio-1-04d12d92,cpython_bench_fileio,core,timer.timer_pop_nodes_total,43
cpython_bench_fileio-1-04d12d92,cpython_bench_fileio,core,timer.timer_pop_ticks_max,507
cpython_bench_fileio-1-04d12d92,cpython_bench_fileio,core,timer.timer_pop_ticks_total,557423
cpython_bench_fileio-1-04d12d92,cpython_bench_fileio,core,timer.wait_with_timeout_total,43
cpython_bench_float-1-7879d37a,cpython_bench_float,core,boot.boot_console_ticks,0
cpython_bench_float-1-7879d37a,cpython_bench_float,core,boot.boot_drivers_ticks,0
cpython_bench_float-1-7879d37a,cpython_bench_float,core,boot.boot_fs_ticks,0
cpython_bench_float-1-7879d37a,cpython_bench_float,core,boot.boot_initproc_ticks,0
cpython_bench_float-1-7879d37a,cpython_bench_float,core,boot.boot_mm_ticks,0
cpython_bench_float-1-7879d37a,cpython_bench_float,core,boot.boot_net_ticks,0
cpython_bench_float-1-7879d37a,cpython_bench_float,core,boot.boot_scheduler_ticks,0
cpython_bench_float-1-7879d37a,cpython_bench_float,core,boot.clock_freq_hz,0
cpython_bench_float-1-7879d37a,cpython_bench_float,core,ctxsw.context_switch_total,2112
cpython_bench_float-1-7879d37a,cpython_bench_float,core,seccomp.seccomp_check_calls,0
cpython_bench_float-1-7879d37a,cpython_bench_float,core,seccomp.seccomp_check_ticks_max,0
cpython_bench_float-1-7879d37a,cpython_bench_float,core,seccomp.seccomp_check_ticks_total,0
cpython_bench_float-1-7879d37a,cpython_bench_float,core,seccomp.seccomp_disabled_bypass,0
cpython_bench_float-1-7879d37a,cpython_bench_float,core,syscall.ecall_trap_cost_ticks_max,100001358
cpython_bench_float-1-7879d37a,cpython_bench_float,core,syscall.ecall_trap_cost_ticks_total,900102607
cpython_bench_float-1-7879d37a,cpython_bench_float,core,syscall.getppid_cost_ticks_max,0
cpython_bench_float-1-7879d37a,cpython_bench_float,core,syscall.getppid_cost_ticks_total,0
cpython_bench_float-1-7879d37a,cpython_bench_float,core,syscall.syscall_cost_max_ticks,100001083
cpython_bench_float-1-7879d37a,cpython_bench_float,core,syscall.syscall_cost_ticks_total,900095561
cpython_bench_float-1-7879d37a,cpython_bench_float,core,syscall.syscall_getppid_total,0
cpython_bench_float-1-7879d37a,cpython_bench_float,core,syscall.syscall_total,32
cpython_bench_float-1-7879d37a,cpython_bench_float,core,syscall.user_unaligned_float_loads,0
cpython_bench_float-1-7879d37a,cpython_bench_float,core,syscall.user_unaligned_float_stores,0
cpython_bench_float-1-7879d37a,cpython_bench_float,core,syscall.user_unaligned_load_2,0
cpython_bench_float-1-7879d37a,cpython_bench_float,core,syscall.user_unaligned_load_4,0
cpython_bench_float-1-7879d37a,cpython_bench_float,core,syscall.user_unaligned_load_8,0
cpython_bench_float-1-7879d37a,cpython_bench_float,core,syscall.user_unaligned_store_2,0
cpython_bench_float-1-7879d37a,cpython_bench_float,core,syscall.user_unaligned_store_4,0
cpython_bench_float-1-7879d37a,cpython_bench_float,core,syscall.user_unaligned_store_8,0
cpython_bench_float-1-7879d37a,cpython_bench_float,core,syscall.user_unaligned_ticks_max,0
cpython_bench_float-1-7879d37a,cpython_bench_float,core,syscall.user_unaligned_ticks_total,0
cpython_bench_float-1-7879d37a,cpython_bench_float,core,syscall.user_unaligned_traps,0
cpython_bench_float-1-7879d37a,cpython_bench_float,core,taskq.add_interruptible_total,10
cpython_bench_float-1-7879d37a,cpython_bench_float,core,taskq.add_ready_total,1056
cpython_bench_float-1-7879d37a,cpython_bench_float,core,taskq.dup_enqueue_total,0
cpython_bench_float-1-7879d37a,cpython_bench_float,core,taskq.fair_pick_calls,0
cpython_bench_float-1-7879d37a,cpython_bench_float,core,taskq.fair_scan_max,0
cpython_bench_float-1-7879d37a,cpython_bench_float,core,taskq.fast_path_calls,1056
cpython_bench_float-1-7879d37a,cpython_bench_float,core,taskq.interruptible_len_max,5
cpython_bench_float-1-7879d37a,cpython_bench_float,core,taskq.interruptible_zombie_max,0
cpython_bench_float-1-7879d37a,cpython_bench_float,core,taskq.ready_len_max,2
cpython_bench_float-1-7879d37a,cpython_bench_float,core,taskq.ready_nonzero_nice_cur,0
cpython_bench_float-1-7879d37a,cpython_bench_float,core,taskq.ready_zombie_max,0
cpython_bench_float-1-7879d37a,cpython_bench_float,core,taskq.wake_interruptible_total,10
cpython_bench_float-1-7879d37a,cpython_bench_float,core,taskq.zombie_drain_calls,0
cpython_bench_float-1-7879d37a,cpython_bench_float,core,taskq.zombie_drain_removed,0
cpython_bench_float-1-7879d37a,cpython_bench_float,core,taskq.zombie_drain_scan_total,0
cpython_bench_float-1-7879d37a,cpython_bench_float,core,timer.ktimer_add_total,10
cpython_bench_float-1-7879d37a,cpython_bench_float,core,timer.ktimer_compact_calls,0
cpython_bench_float-1-7879d37a,cpython_bench_float,core,timer.ktimer_len_max,1
cpython_bench_float-1-7879d37a,cpython_bench_float,core,timer.ktimer_pop_max,1
cpython_bench_float-1-7879d37a,cpython_bench_float,core,timer.ktimer_pop_total,1046
cpython_bench_float-1-7879d37a,cpython_bench_float,core,timer.ktimer_real_wake,10
cpython_bench_float-1-7879d37a,cpython_bench_float,core,timer.ktimer_stale_removed,0
cpython_bench_float-1-7879d37a,cpython_bench_float,core,timer.ktimer_stale_waketask,0
cpython_bench_float-1-7879d37a,cpython_bench_float,core,timer.timer_irq_ticks_max,18180
cpython_bench_float-1-7879d37a,cpython_bench_float,core,timer.timer_irq_ticks_total,2293210
cpython_bench_float-1-7879d37a,cpython_bench_float,core,timer.timer_pop_nodes_total,10
cpython_bench_float-1-7879d37a,cpython_bench_float,core,timer.timer_pop_ticks_max,264
cpython_bench_float-1-7879d37a,cpython_bench_float,core,timer.timer_pop_ticks_total,73956
cpython_bench_float-1-7879d37a,cpython_bench_float,core,timer.wait_with_timeout_total,10
cpython_bench_fork-1-33bccb5d,cpython_bench_fork,core,boot.boot_console_ticks,0
cpython_bench_fork-1-33bccb5d,cpython_bench_fork,core,boot.boot_drivers_ticks,0
cpython_bench_fork-1-33bccb5d,cpython_bench_fork,core,boot.boot_fs_ticks,0
cpython_bench_fork-1-33bccb5d,cpython_bench_fork,core,boot.boot_initproc_ticks,0
cpython_bench_fork-1-33bccb5d,cpython_bench_fork,core,boot.boot_mm_ticks,0
cpython_bench_fork-1-33bccb5d,cpython_bench_fork,core,boot.boot_net_ticks,0
cpython_bench_fork-1-33bccb5d,cpython_bench_fork,core,boot.boot_scheduler_ticks,0
cpython_bench_fork-1-33bccb5d,cpython_bench_fork,core,boot.clock_freq_hz,0
cpython_bench_fork-1-33bccb5d,cpython_bench_fork,core,ctxsw.context_switch_total,7432
cpython_bench_fork-1-33bccb5d,cpython_bench_fork,core,seccomp.seccomp_check_calls,0
cpython_bench_fork-1-33bccb5d,cpython_bench_fork,core,seccomp.seccomp_check_ticks_max,0
cpython_bench_fork-1-33bccb5d,cpython_bench_fork,core,seccomp.seccomp_check_ticks_total,0
cpython_bench_fork-1-33bccb5d,cpython_bench_fork,core,seccomp.seccomp_disabled_bypass,0
cpython_bench_fork-1-33bccb5d,cpython_bench_fork,core,syscall.ecall_trap_cost_ticks_max,101772738
cpython_bench_fork-1-33bccb5d,cpython_bench_fork,core,syscall.ecall_trap_cost_ticks_total,8738548472
cpython_bench_fork-1-33bccb5d,cpython_bench_fork,core,syscall.getppid_cost_ticks_max,0
cpython_bench_fork-1-33bccb5d,cpython_bench_fork,core,syscall.getppid_cost_ticks_total,0
cpython_bench_fork-1-33bccb5d,cpython_bench_fork,core,syscall.syscall_cost_max_ticks,101772433
cpython_bench_fork-1-33bccb5d,cpython_bench_fork,core,syscall.syscall_cost_ticks_total,8727188958
cpython_bench_fork-1-33bccb5d,cpython_bench_fork,core,syscall.syscall_getppid_total,0
cpython_bench_fork-1-33bccb5d,cpython_bench_fork,core,syscall.syscall_total,45328
cpython_bench_fork-1-33bccb5d,cpython_bench_fork,core,syscall.user_unaligned_float_loads,0
cpython_bench_fork-1-33bccb5d,cpython_bench_fork,core,syscall.user_unaligned_float_stores,0
cpython_bench_fork-1-33bccb5d,cpython_bench_fork,core,syscall.user_unaligned_load_2,0
cpython_bench_fork-1-33bccb5d,cpython_bench_fork,core,syscall.user_unaligned_load_4,0
cpython_bench_fork-1-33bccb5d,cpython_bench_fork,core,syscall.user_unaligned_load_8,0
cpython_bench_fork-1-33bccb5d,cpython_bench_fork,core,syscall.user_unaligned_store_2,0
cpython_bench_fork-1-33bccb5d,cpython_bench_fork,core,syscall.user_unaligned_store_4,0
cpython_bench_fork-1-33bccb5d,cpython_bench_fork,core,syscall.user_unaligned_store_8,0
cpython_bench_fork-1-33bccb5d,cpython_bench_fork,core,syscall.user_unaligned_ticks_max,0
cpython_bench_fork-1-33bccb5d,cpython_bench_fork,core,syscall.user_unaligned_ticks_total,0
cpython_bench_fork-1-33bccb5d,cpython_bench_fork,core,syscall.user_unaligned_traps,0
cpython_bench_fork-1-33bccb5d,cpython_bench_fork,core,taskq.add_interruptible_total,165
cpython_bench_fork-1-33bccb5d,cpython_bench_fork,core,taskq.add_ready_total,3716
cpython_bench_fork-1-33bccb5d,cpython_bench_fork,core,taskq.dup_enqueue_total,0
cpython_bench_fork-1-33bccb5d,cpython_bench_fork,core,taskq.fair_pick_calls,0
cpython_bench_fork-1-33bccb5d,cpython_bench_fork,core,taskq.fair_scan_max,0
cpython_bench_fork-1-33bccb5d,cpython_bench_fork,core,taskq.fast_path_calls,3716
cpython_bench_fork-1-33bccb5d,cpython_bench_fork,core,taskq.interruptible_len_max,6
cpython_bench_fork-1-33bccb5d,cpython_bench_fork,core,taskq.interruptible_zombie_max,0
cpython_bench_fork-1-33bccb5d,cpython_bench_fork,core,taskq.ready_len_max,3
cpython_bench_fork-1-33bccb5d,cpython_bench_fork,core,taskq.ready_nonzero_nice_cur,0
cpython_bench_fork-1-33bccb5d,cpython_bench_fork,core,taskq.ready_zombie_max,0
cpython_bench_fork-1-33bccb5d,cpython_bench_fork,core,taskq.wake_interruptible_total,103
cpython_bench_fork-1-33bccb5d,cpython_bench_fork,core,taskq.zombie_drain_calls,65
cpython_bench_fork-1-33bccb5d,cpython_bench_fork,core,taskq.zombie_drain_removed,65
cpython_bench_fork-1-33bccb5d,cpython_bench_fork,core,taskq.zombie_drain_scan_total,0
cpython_bench_fork-1-33bccb5d,cpython_bench_fork,core,timer.ktimer_add_total,165
cpython_bench_fork-1-33bccb5d,cpython_bench_fork,core,timer.ktimer_compact_calls,0
cpython_bench_fork-1-33bccb5d,cpython_bench_fork,core,timer.ktimer_len_max,104
cpython_bench_fork-1-33bccb5d,cpython_bench_fork,core,timer.ktimer_pop_max,3
cpython_bench_fork-1-33bccb5d,cpython_bench_fork,core,timer.ktimer_pop_total,3560
cpython_bench_fork-1-33bccb5d,cpython_bench_fork,core,timer.ktimer_real_wake,38
cpython_bench_fork-1-33bccb5d,cpython_bench_fork,core,timer.ktimer_stale_removed,0
cpython_bench_fork-1-33bccb5d,cpython_bench_fork,core,timer.ktimer_stale_waketask,127
cpython_bench_fork-1-33bccb5d,cpython_bench_fork,core,timer.timer_irq_ticks_max,23367
cpython_bench_fork-1-33bccb5d,cpython_bench_fork,core,timer.timer_irq_ticks_total,18090862
cpython_bench_fork-1-33bccb5d,cpython_bench_fork,core,timer.timer_pop_nodes_total,165
cpython_bench_fork-1-33bccb5d,cpython_bench_fork,core,timer.timer_pop_ticks_max,1663
cpython_bench_fork-1-33bccb5d,cpython_bench_fork,core,timer.timer_pop_ticks_total,1969601
cpython_bench_fork-1-33bccb5d,cpython_bench_fork,core,timer.wait_with_timeout_total,165
cpython_bench_hash-1-8be54887,cpython_bench_hash,core,boot.boot_console_ticks,0
cpython_bench_hash-1-8be54887,cpython_bench_hash,core,boot.boot_drivers_ticks,0
cpython_bench_hash-1-8be54887,cpython_bench_hash,core,boot.boot_fs_ticks,0
cpython_bench_hash-1-8be54887,cpython_bench_hash,core,boot.boot_initproc_ticks,0
cpython_bench_hash-1-8be54887,cpython_bench_hash,core,boot.boot_mm_ticks,0
cpython_bench_hash-1-8be54887,cpython_bench_hash,core,boot.boot_net_ticks,0
cpython_bench_hash-1-8be54887,cpython_bench_hash,core,boot.boot_scheduler_ticks,0
cpython_bench_hash-1-8be54887,cpython_bench_hash,core,boot.clock_freq_hz,0
cpython_bench_hash-1-8be54887,cpython_bench_hash,core,ctxsw.context_switch_total,696
cpython_bench_hash-1-8be54887,cpython_bench_hash,core,seccomp.seccomp_check_calls,0
cpython_bench_hash-1-8be54887,cpython_bench_hash,core,seccomp.seccomp_check_ticks_max,0
cpython_bench_hash-1-8be54887,cpython_bench_hash,core,seccomp.seccomp_check_ticks_total,0
cpython_bench_hash-1-8be54887,cpython_bench_hash,core,seccomp.seccomp_disabled_bypass,0
cpython_bench_hash-1-8be54887,cpython_bench_hash,core,syscall.ecall_trap_cost_ticks_max,100002282
cpython_bench_hash-1-8be54887,cpython_bench_hash,core,syscall.ecall_trap_cost_ticks_total,201161888
cpython_bench_hash-1-8be54887,cpython_bench_hash,core,syscall.getppid_cost_ticks_max,0
cpython_bench_hash-1-8be54887,cpython_bench_hash,core,syscall.getppid_cost_ticks_total,0
cpython_bench_hash-1-8be54887,cpython_bench_hash,core,syscall.syscall_cost_max_ticks,100001823
cpython_bench_hash-1-8be54887,cpython_bench_hash,core,syscall.syscall_cost_ticks_total,201151993
cpython_bench_hash-1-8be54887,cpython_bench_hash,core,syscall.syscall_getppid_total,0
cpython_bench_hash-1-8be54887,cpython_bench_hash,core,syscall.syscall_total,28
cpython_bench_hash-1-8be54887,cpython_bench_hash,core,syscall.user_unaligned_float_loads,0
cpython_bench_hash-1-8be54887,cpython_bench_hash,core,syscall.user_unaligned_float_stores,0
cpython_bench_hash-1-8be54887,cpython_bench_hash,core,syscall.user_unaligned_load_2,0
cpython_bench_hash-1-8be54887,cpython_bench_hash,core,syscall.user_unaligned_load_4,0
cpython_bench_hash-1-8be54887,cpython_bench_hash,core,syscall.user_unaligned_load_8,0
cpython_bench_hash-1-8be54887,cpython_bench_hash,core,syscall.user_unaligned_store_2,0
cpython_bench_hash-1-8be54887,cpython_bench_hash,core,syscall.user_unaligned_store_4,0
cpython_bench_hash-1-8be54887,cpython_bench_hash,core,syscall.user_unaligned_store_8,0
cpython_bench_hash-1-8be54887,cpython_bench_hash,core,syscall.user_unaligned_ticks_max,0
cpython_bench_hash-1-8be54887,cpython_bench_hash,core,syscall.user_unaligned_ticks_total,0
cpython_bench_hash-1-8be54887,cpython_bench_hash,core,syscall.user_unaligned_traps,0
cpython_bench_hash-1-8be54887,cpython_bench_hash,core,taskq.add_interruptible_total,3
cpython_bench_hash-1-8be54887,cpython_bench_hash,core,taskq.add_ready_total,348
cpython_bench_hash-1-8be54887,cpython_bench_hash,core,taskq.dup_enqueue_total,0
cpython_bench_hash-1-8be54887,cpython_bench_hash,core,taskq.fair_pick_calls,0
cpython_bench_hash-1-8be54887,cpython_bench_hash,core,taskq.fair_scan_max,0
cpython_bench_hash-1-8be54887,cpython_bench_hash,core,taskq.fast_path_calls,348
cpython_bench_hash-1-8be54887,cpython_bench_hash,core,taskq.interruptible_len_max,5
cpython_bench_hash-1-8be54887,cpython_bench_hash,core,taskq.interruptible_zombie_max,0
cpython_bench_hash-1-8be54887,cpython_bench_hash,core,taskq.ready_len_max,2
cpython_bench_hash-1-8be54887,cpython_bench_hash,core,taskq.ready_nonzero_nice_cur,0
cpython_bench_hash-1-8be54887,cpython_bench_hash,core,taskq.ready_zombie_max,0
cpython_bench_hash-1-8be54887,cpython_bench_hash,core,taskq.wake_interruptible_total,3
cpython_bench_hash-1-8be54887,cpython_bench_hash,core,taskq.zombie_drain_calls,0
cpython_bench_hash-1-8be54887,cpython_bench_hash,core,taskq.zombie_drain_removed,0
cpython_bench_hash-1-8be54887,cpython_bench_hash,core,taskq.zombie_drain_scan_total,0
cpython_bench_hash-1-8be54887,cpython_bench_hash,core,timer.ktimer_add_total,3
cpython_bench_hash-1-8be54887,cpython_bench_hash,core,timer.ktimer_compact_calls,0
cpython_bench_hash-1-8be54887,cpython_bench_hash,core,timer.ktimer_len_max,1
cpython_bench_hash-1-8be54887,cpython_bench_hash,core,timer.ktimer_pop_max,1
cpython_bench_hash-1-8be54887,cpython_bench_hash,core,timer.ktimer_pop_total,345
cpython_bench_hash-1-8be54887,cpython_bench_hash,core,timer.ktimer_real_wake,3
cpython_bench_hash-1-8be54887,cpython_bench_hash,core,timer.ktimer_stale_removed,0
cpython_bench_hash-1-8be54887,cpython_bench_hash,core,timer.ktimer_stale_waketask,0
cpython_bench_hash-1-8be54887,cpython_bench_hash,core,timer.timer_irq_ticks_max,21945
cpython_bench_hash-1-8be54887,cpython_bench_hash,core,timer.timer_irq_ticks_total,1065054
cpython_bench_hash-1-8be54887,cpython_bench_hash,core,timer.timer_pop_nodes_total,3
cpython_bench_hash-1-8be54887,cpython_bench_hash,core,timer.timer_pop_ticks_max,634
cpython_bench_hash-1-8be54887,cpython_bench_hash,core,timer.timer_pop_ticks_total,47224
cpython_bench_hash-1-8be54887,cpython_bench_hash,core,timer.wait_with_timeout_total,3
cpython_bench_json_loads-1-53466a8a,cpython_bench_json_loads,core,boot.boot_console_ticks,0
cpython_bench_json_loads-1-53466a8a,cpython_bench_json_loads,core,boot.boot_drivers_ticks,0
cpython_bench_json_loads-1-53466a8a,cpython_bench_json_loads,core,boot.boot_fs_ticks,0
cpython_bench_json_loads-1-53466a8a,cpython_bench_json_loads,core,boot.boot_initproc_ticks,0
cpython_bench_json_loads-1-53466a8a,cpython_bench_json_loads,core,boot.boot_mm_ticks,0
cpython_bench_json_loads-1-53466a8a,cpython_bench_json_loads,core,boot.boot_net_ticks,0
cpython_bench_json_loads-1-53466a8a,cpython_bench_json_loads,core,boot.boot_scheduler_ticks,0
cpython_bench_json_loads-1-53466a8a,cpython_bench_json_loads,core,boot.clock_freq_hz,0
cpython_bench_json_loads-1-53466a8a,cpython_bench_json_loads,core,ctxsw.context_switch_total,16480
cpython_bench_json_loads-1-53466a8a,cpython_bench_json_loads,core,seccomp.seccomp_check_calls,0
cpython_bench_json_loads-1-53466a8a,cpython_bench_json_loads,core,seccomp.seccomp_check_ticks_max,0
cpython_bench_json_loads-1-53466a8a,cpython_bench_json_loads,core,seccomp.seccomp_check_ticks_total,0
cpython_bench_json_loads-1-53466a8a,cpython_bench_json_loads,core,seccomp.seccomp_disabled_bypass,0
cpython_bench_json_loads-1-53466a8a,cpython_bench_json_loads,core,syscall.ecall_trap_cost_ticks_max,100002283
cpython_bench_json_loads-1-53466a8a,cpython_bench_json_loads,core,syscall.ecall_trap_cost_ticks_total,7900347508
cpython_bench_json_loads-1-53466a8a,cpython_bench_json_loads,core,syscall.getppid_cost_ticks_max,0
cpython_bench_json_loads-1-53466a8a,cpython_bench_json_loads,core,syscall.getppid_cost_ticks_total,0
cpython_bench_json_loads-1-53466a8a,cpython_bench_json_loads,core,syscall.syscall_cost_max_ticks,100001782
cpython_bench_json_loads-1-53466a8a,cpython_bench_json_loads,core,syscall.syscall_cost_ticks_total,7900276761
cpython_bench_json_loads-1-53466a8a,cpython_bench_json_loads,core,syscall.syscall_getppid_total,0
cpython_bench_json_loads-1-53466a8a,cpython_bench_json_loads,core,syscall.syscall_total,172
cpython_bench_json_loads-1-53466a8a,cpython_bench_json_loads,core,syscall.user_unaligned_float_loads,0
cpython_bench_json_loads-1-53466a8a,cpython_bench_json_loads,core,syscall.user_unaligned_float_stores,0
cpython_bench_json_loads-1-53466a8a,cpython_bench_json_loads,core,syscall.user_unaligned_load_2,0
cpython_bench_json_loads-1-53466a8a,cpython_bench_json_loads,core,syscall.user_unaligned_load_4,0
cpython_bench_json_loads-1-53466a8a,cpython_bench_json_loads,core,syscall.user_unaligned_load_8,0
cpython_bench_json_loads-1-53466a8a,cpython_bench_json_loads,core,syscall.user_unaligned_store_2,0
cpython_bench_json_loads-1-53466a8a,cpython_bench_json_loads,core,syscall.user_unaligned_store_4,0
cpython_bench_json_loads-1-53466a8a,cpython_bench_json_loads,core,syscall.user_unaligned_store_8,0
cpython_bench_json_loads-1-53466a8a,cpython_bench_json_loads,core,syscall.user_unaligned_ticks_max,0
cpython_bench_json_loads-1-53466a8a,cpython_bench_json_loads,core,syscall.user_unaligned_ticks_total,0
cpython_bench_json_loads-1-53466a8a,cpython_bench_json_loads,core,syscall.user_unaligned_traps,0
cpython_bench_json_loads-1-53466a8a,cpython_bench_json_loads,core,taskq.add_interruptible_total,80
cpython_bench_json_loads-1-53466a8a,cpython_bench_json_loads,core,taskq.add_ready_total,8240
cpython_bench_json_loads-1-53466a8a,cpython_bench_json_loads,core,taskq.dup_enqueue_total,0
cpython_bench_json_loads-1-53466a8a,cpython_bench_json_loads,core,taskq.fair_pick_calls,0
cpython_bench_json_loads-1-53466a8a,cpython_bench_json_loads,core,taskq.fair_scan_max,0
cpython_bench_json_loads-1-53466a8a,cpython_bench_json_loads,core,taskq.fast_path_calls,8240
cpython_bench_json_loads-1-53466a8a,cpython_bench_json_loads,core,taskq.interruptible_len_max,5
cpython_bench_json_loads-1-53466a8a,cpython_bench_json_loads,core,taskq.interruptible_zombie_max,0
cpython_bench_json_loads-1-53466a8a,cpython_bench_json_loads,core,taskq.ready_len_max,2
cpython_bench_json_loads-1-53466a8a,cpython_bench_json_loads,core,taskq.ready_nonzero_nice_cur,0
cpython_bench_json_loads-1-53466a8a,cpython_bench_json_loads,core,taskq.ready_zombie_max,0
cpython_bench_json_loads-1-53466a8a,cpython_bench_json_loads,core,taskq.wake_interruptible_total,80
cpython_bench_json_loads-1-53466a8a,cpython_bench_json_loads,core,taskq.zombie_drain_calls,0
cpython_bench_json_loads-1-53466a8a,cpython_bench_json_loads,core,taskq.zombie_drain_removed,0
cpython_bench_json_loads-1-53466a8a,cpython_bench_json_loads,core,taskq.zombie_drain_scan_total,0
cpython_bench_json_loads-1-53466a8a,cpython_bench_json_loads,core,timer.ktimer_add_total,80
cpython_bench_json_loads-1-53466a8a,cpython_bench_json_loads,core,timer.ktimer_compact_calls,0
cpython_bench_json_loads-1-53466a8a,cpython_bench_json_loads,core,timer.ktimer_len_max,1
cpython_bench_json_loads-1-53466a8a,cpython_bench_json_loads,core,timer.ktimer_pop_max,1
cpython_bench_json_loads-1-53466a8a,cpython_bench_json_loads,core,timer.ktimer_pop_total,8160
cpython_bench_json_loads-1-53466a8a,cpython_bench_json_loads,core,timer.ktimer_real_wake,80
cpython_bench_json_loads-1-53466a8a,cpython_bench_json_loads,core,timer.ktimer_stale_removed,0
cpython_bench_json_loads-1-53466a8a,cpython_bench_json_loads,core,timer.ktimer_stale_waketask,0
cpython_bench_json_loads-1-53466a8a,cpython_bench_json_loads,core,timer.timer_irq_ticks_max,20201
cpython_bench_json_loads-1-53466a8a,cpython_bench_json_loads,core,timer.timer_irq_ticks_total,26319573
cpython_bench_json_loads-1-53466a8a,cpython_bench_json_loads,core,timer.timer_pop_nodes_total,80
cpython_bench_json_loads-1-53466a8a,cpython_bench_json_loads,core,timer.timer_pop_ticks_max,769
cpython_bench_json_loads-1-53466a8a,cpython_bench_json_loads,core,timer.timer_pop_ticks_total,1175264
cpython_bench_json_loads-1-53466a8a,cpython_bench_json_loads,core,timer.wait_with_timeout_total,80
cpython_bench_list-1-49cabc11,cpython_bench_list,core,boot.boot_console_ticks,0
cpython_bench_list-1-49cabc11,cpython_bench_list,core,boot.boot_drivers_ticks,0
cpython_bench_list-1-49cabc11,cpython_bench_list,core,boot.boot_fs_ticks,0
cpython_bench_list-1-49cabc11,cpython_bench_list,core,boot.boot_initproc_ticks,0
cpython_bench_list-1-49cabc11,cpython_bench_list,core,boot.boot_mm_ticks,0
cpython_bench_list-1-49cabc11,cpython_bench_list,core,boot.boot_net_ticks,0
cpython_bench_list-1-49cabc11,cpython_bench_list,core,boot.boot_scheduler_ticks,0
cpython_bench_list-1-49cabc11,cpython_bench_list,core,boot.clock_freq_hz,0
cpython_bench_list-1-49cabc11,cpython_bench_list,core,ctxsw.context_switch_total,3330
cpython_bench_list-1-49cabc11,cpython_bench_list,core,seccomp.seccomp_check_calls,0
cpython_bench_list-1-49cabc11,cpython_bench_list,core,seccomp.seccomp_check_ticks_max,0
cpython_bench_list-1-49cabc11,cpython_bench_list,core,seccomp.seccomp_check_ticks_total,0
cpython_bench_list-1-49cabc11,cpython_bench_list,core,seccomp.seccomp_disabled_bypass,0
cpython_bench_list-1-49cabc11,cpython_bench_list,core,syscall.ecall_trap_cost_ticks_max,128002263
cpython_bench_list-1-49cabc11,cpython_bench_list,core,syscall.ecall_trap_cost_ticks_total,2706056779
cpython_bench_list-1-49cabc11,cpython_bench_list,core,syscall.getppid_cost_ticks_max,0
cpython_bench_list-1-49cabc11,cpython_bench_list,core,syscall.getppid_cost_ticks_total,0
cpython_bench_list-1-49cabc11,cpython_bench_list,core,syscall.syscall_cost_max_ticks,128001862
cpython_bench_list-1-49cabc11,cpython_bench_list,core,syscall.syscall_cost_ticks_total,2705600769
cpython_bench_list-1-49cabc11,cpython_bench_list,core,syscall.syscall_getppid_total,0
cpython_bench_list-1-49cabc11,cpython_bench_list,core,syscall.syscall_total,802
cpython_bench_list-1-49cabc11,cpython_bench_list,core,syscall.user_unaligned_float_loads,0
cpython_bench_list-1-49cabc11,cpython_bench_list,core,syscall.user_unaligned_float_stores,0
cpython_bench_list-1-49cabc11,cpython_bench_list,core,syscall.user_unaligned_load_2,0
cpython_bench_list-1-49cabc11,cpython_bench_list,core,syscall.user_unaligned_load_4,0
cpython_bench_list-1-49cabc11,cpython_bench_list,core,syscall.user_unaligned_load_8,0
cpython_bench_list-1-49cabc11,cpython_bench_list,core,syscall.user_unaligned_store_2,0
cpython_bench_list-1-49cabc11,cpython_bench_list,core,syscall.user_unaligned_store_4,0
cpython_bench_list-1-49cabc11,cpython_bench_list,core,syscall.user_unaligned_store_8,0
cpython_bench_list-1-49cabc11,cpython_bench_list,core,syscall.user_unaligned_ticks_max,0
cpython_bench_list-1-49cabc11,cpython_bench_list,core,syscall.user_unaligned_ticks_total,0
cpython_bench_list-1-49cabc11,cpython_bench_list,core,syscall.user_unaligned_traps,0
cpython_bench_list-1-49cabc11,cpython_bench_list,core,taskq.add_interruptible_total,21
cpython_bench_list-1-49cabc11,cpython_bench_list,core,taskq.add_ready_total,1665
cpython_bench_list-1-49cabc11,cpython_bench_list,core,taskq.dup_enqueue_total,0
cpython_bench_list-1-49cabc11,cpython_bench_list,core,taskq.fair_pick_calls,0
cpython_bench_list-1-49cabc11,cpython_bench_list,core,taskq.fair_scan_max,0
cpython_bench_list-1-49cabc11,cpython_bench_list,core,taskq.fast_path_calls,1665
cpython_bench_list-1-49cabc11,cpython_bench_list,core,taskq.interruptible_len_max,5
cpython_bench_list-1-49cabc11,cpython_bench_list,core,taskq.interruptible_zombie_max,0
cpython_bench_list-1-49cabc11,cpython_bench_list,core,taskq.ready_len_max,2
cpython_bench_list-1-49cabc11,cpython_bench_list,core,taskq.ready_nonzero_nice_cur,0
cpython_bench_list-1-49cabc11,cpython_bench_list,core,taskq.ready_zombie_max,0
cpython_bench_list-1-49cabc11,cpython_bench_list,core,taskq.wake_interruptible_total,21
cpython_bench_list-1-49cabc11,cpython_bench_list,core,taskq.zombie_drain_calls,0
cpython_bench_list-1-49cabc11,cpython_bench_list,core,taskq.zombie_drain_removed,0
cpython_bench_list-1-49cabc11,cpython_bench_list,core,taskq.zombie_drain_scan_total,0
cpython_bench_list-1-49cabc11,cpython_bench_list,core,timer.ktimer_add_total,21
cpython_bench_list-1-49cabc11,cpython_bench_list,core,timer.ktimer_compact_calls,0
cpython_bench_list-1-49cabc11,cpython_bench_list,core,timer.ktimer_len_max,1
cpython_bench_list-1-49cabc11,cpython_bench_list,core,timer.ktimer_pop_max,1
cpython_bench_list-1-49cabc11,cpython_bench_list,core,timer.ktimer_pop_total,1644
cpython_bench_list-1-49cabc11,cpython_bench_list,core,timer.ktimer_real_wake,21
cpython_bench_list-1-49cabc11,cpython_bench_list,core,timer.ktimer_stale_removed,0
cpython_bench_list-1-49cabc11,cpython_bench_list,core,timer.ktimer_stale_waketask,0
cpython_bench_list-1-49cabc11,cpython_bench_list,core,timer.timer_irq_ticks_max,22807
cpython_bench_list-1-49cabc11,cpython_bench_list,core,timer.timer_irq_ticks_total,8175471
cpython_bench_list-1-49cabc11,cpython_bench_list,core,timer.timer_pop_nodes_total,21
cpython_bench_list-1-49cabc11,cpython_bench_list,core,timer.timer_pop_ticks_max,956
cpython_bench_list-1-49cabc11,cpython_bench_list,core,timer.timer_pop_ticks_total,478223
cpython_bench_list-1-49cabc11,cpython_bench_list,core,timer.wait_with_timeout_total,21
cpython_bench_nbody-1-eeada99d,cpython_bench_nbody,core,boot.boot_console_ticks,0
cpython_bench_nbody-1-eeada99d,cpython_bench_nbody,core,boot.boot_drivers_ticks,0
cpython_bench_nbody-1-eeada99d,cpython_bench_nbody,core,boot.boot_fs_ticks,0
cpython_bench_nbody-1-eeada99d,cpython_bench_nbody,core,boot.boot_initproc_ticks,0
cpython_bench_nbody-1-eeada99d,cpython_bench_nbody,core,boot.boot_mm_ticks,0
cpython_bench_nbody-1-eeada99d,cpython_bench_nbody,core,boot.boot_net_ticks,0
cpython_bench_nbody-1-eeada99d,cpython_bench_nbody,core,boot.boot_scheduler_ticks,0
cpython_bench_nbody-1-eeada99d,cpython_bench_nbody,core,boot.clock_freq_hz,0
cpython_bench_nbody-1-eeada99d,cpython_bench_nbody,core,ctxsw.context_switch_total,1550
cpython_bench_nbody-1-eeada99d,cpython_bench_nbody,core,seccomp.seccomp_check_calls,0
cpython_bench_nbody-1-eeada99d,cpython_bench_nbody,core,seccomp.seccomp_check_ticks_max,0
cpython_bench_nbody-1-eeada99d,cpython_bench_nbody,core,seccomp.seccomp_check_ticks_total,0
cpython_bench_nbody-1-eeada99d,cpython_bench_nbody,core,seccomp.seccomp_disabled_bypass,0
cpython_bench_nbody-1-eeada99d,cpython_bench_nbody,core,syscall.ecall_trap_cost_ticks_max,100001432
cpython_bench_nbody-1-eeada99d,cpython_bench_nbody,core,syscall.ecall_trap_cost_ticks_total,700103041
cpython_bench_nbody-1-eeada99d,cpython_bench_nbody,core,syscall.getppid_cost_ticks_max,0
cpython_bench_nbody-1-eeada99d,cpython_bench_nbody,core,syscall.getppid_cost_ticks_total,0
cpython_bench_nbody-1-eeada99d,cpython_bench_nbody,core,syscall.syscall_cost_max_ticks,100001139
cpython_bench_nbody-1-eeada99d,cpython_bench_nbody,core,syscall.syscall_cost_ticks_total,700096482
cpython_bench_nbody-1-eeada99d,cpython_bench_nbody,core,syscall.syscall_getppid_total,0
cpython_bench_nbody-1-eeada99d,cpython_bench_nbody,core,syscall.syscall_total,28
cpython_bench_nbody-1-eeada99d,cpython_bench_nbody,core,syscall.user_unaligned_float_loads,0
cpython_bench_nbody-1-eeada99d,cpython_bench_nbody,core,syscall.user_unaligned_float_stores,0
cpython_bench_nbody-1-eeada99d,cpython_bench_nbody,core,syscall.user_unaligned_load_2,0
cpython_bench_nbody-1-eeada99d,cpython_bench_nbody,core,syscall.user_unaligned_load_4,0
cpython_bench_nbody-1-eeada99d,cpython_bench_nbody,core,syscall.user_unaligned_load_8,0
cpython_bench_nbody-1-eeada99d,cpython_bench_nbody,core,syscall.user_unaligned_store_2,0
cpython_bench_nbody-1-eeada99d,cpython_bench_nbody,core,syscall.user_unaligned_store_4,0
cpython_bench_nbody-1-eeada99d,cpython_bench_nbody,core,syscall.user_unaligned_store_8,0
cpython_bench_nbody-1-eeada99d,cpython_bench_nbody,core,syscall.user_unaligned_ticks_max,0
cpython_bench_nbody-1-eeada99d,cpython_bench_nbody,core,syscall.user_unaligned_ticks_total,0
cpython_bench_nbody-1-eeada99d,cpython_bench_nbody,core,syscall.user_unaligned_traps,0
cpython_bench_nbody-1-eeada99d,cpython_bench_nbody,core,taskq.add_interruptible_total,8
cpython_bench_nbody-1-eeada99d,cpython_bench_nbody,core,taskq.add_ready_total,775
cpython_bench_nbody-1-eeada99d,cpython_bench_nbody,core,taskq.dup_enqueue_total,0
cpython_bench_nbody-1-eeada99d,cpython_bench_nbody,core,taskq.fair_pick_calls,0
cpython_bench_nbody-1-eeada99d,cpython_bench_nbody,core,taskq.fair_scan_max,0
cpython_bench_nbody-1-eeada99d,cpython_bench_nbody,core,taskq.fast_path_calls,775
cpython_bench_nbody-1-eeada99d,cpython_bench_nbody,core,taskq.interruptible_len_max,5
cpython_bench_nbody-1-eeada99d,cpython_bench_nbody,core,taskq.interruptible_zombie_max,0
cpython_bench_nbody-1-eeada99d,cpython_bench_nbody,core,taskq.ready_len_max,2
cpython_bench_nbody-1-eeada99d,cpython_bench_nbody,core,taskq.ready_nonzero_nice_cur,0
cpython_bench_nbody-1-eeada99d,cpython_bench_nbody,core,taskq.ready_zombie_max,0
cpython_bench_nbody-1-eeada99d,cpython_bench_nbody,core,taskq.wake_interruptible_total,8
cpython_bench_nbody-1-eeada99d,cpython_bench_nbody,core,taskq.zombie_drain_calls,0
cpython_bench_nbody-1-eeada99d,cpython_bench_nbody,core,taskq.zombie_drain_removed,0
cpython_bench_nbody-1-eeada99d,cpython_bench_nbody,core,taskq.zombie_drain_scan_total,0
cpython_bench_nbody-1-eeada99d,cpython_bench_nbody,core,timer.ktimer_add_total,8
cpython_bench_nbody-1-eeada99d,cpython_bench_nbody,core,timer.ktimer_compact_calls,0
cpython_bench_nbody-1-eeada99d,cpython_bench_nbody,core,timer.ktimer_len_max,1
cpython_bench_nbody-1-eeada99d,cpython_bench_nbody,core,timer.ktimer_pop_max,1
cpython_bench_nbody-1-eeada99d,cpython_bench_nbody,core,timer.ktimer_pop_total,767
cpython_bench_nbody-1-eeada99d,cpython_bench_nbody,core,timer.ktimer_real_wake,8
cpython_bench_nbody-1-eeada99d,cpython_bench_nbody,core,timer.ktimer_stale_removed,0
cpython_bench_nbody-1-eeada99d,cpython_bench_nbody,core,timer.ktimer_stale_waketask,0
cpython_bench_nbody-1-eeada99d,cpython_bench_nbody,core,timer.timer_irq_ticks_max,18537
cpython_bench_nbody-1-eeada99d,cpython_bench_nbody,core,timer.timer_irq_ticks_total,1693454
cpython_bench_nbody-1-eeada99d,cpython_bench_nbody,core,timer.timer_pop_nodes_total,8
cpython_bench_nbody-1-eeada99d,cpython_bench_nbody,core,timer.timer_pop_ticks_max,256
cpython_bench_nbody-1-eeada99d,cpython_bench_nbody,core,timer.timer_pop_ticks_total,53695
cpython_bench_nbody-1-eeada99d,cpython_bench_nbody,core,timer.wait_with_timeout_total,8
cpython_bench_pidigits-1-75fe1e85,cpython_bench_pidigits,core,boot.boot_console_ticks,0
cpython_bench_pidigits-1-75fe1e85,cpython_bench_pidigits,core,boot.boot_drivers_ticks,0
cpython_bench_pidigits-1-75fe1e85,cpython_bench_pidigits,core,boot.boot_fs_ticks,0
cpython_bench_pidigits-1-75fe1e85,cpython_bench_pidigits,core,boot.boot_initproc_ticks,0
cpython_bench_pidigits-1-75fe1e85,cpython_bench_pidigits,core,boot.boot_mm_ticks,0
cpython_bench_pidigits-1-75fe1e85,cpython_bench_pidigits,core,boot.boot_net_ticks,0
cpython_bench_pidigits-1-75fe1e85,cpython_bench_pidigits,core,boot.boot_scheduler_ticks,0
cpython_bench_pidigits-1-75fe1e85,cpython_bench_pidigits,core,boot.clock_freq_hz,0
cpython_bench_pidigits-1-75fe1e85,cpython_bench_pidigits,core,ctxsw.context_switch_total,954
cpython_bench_pidigits-1-75fe1e85,cpython_bench_pidigits,core,seccomp.seccomp_check_calls,0
cpython_bench_pidigits-1-75fe1e85,cpython_bench_pidigits,core,seccomp.seccomp_check_ticks_max,0
cpython_bench_pidigits-1-75fe1e85,cpython_bench_pidigits,core,seccomp.seccomp_check_ticks_total,0
cpython_bench_pidigits-1-75fe1e85,cpython_bench_pidigits,core,seccomp.seccomp_disabled_bypass,0
cpython_bench_pidigits-1-75fe1e85,cpython_bench_pidigits,core,syscall.ecall_trap_cost_ticks_max,100001442
cpython_bench_pidigits-1-75fe1e85,cpython_bench_pidigits,core,syscall.ecall_trap_cost_ticks_total,453347085
cpython_bench_pidigits-1-75fe1e85,cpython_bench_pidigits,core,syscall.getppid_cost_ticks_max,0
cpython_bench_pidigits-1-75fe1e85,cpython_bench_pidigits,core,syscall.getppid_cost_ticks_total,0
cpython_bench_pidigits-1-75fe1e85,cpython_bench_pidigits,core,syscall.syscall_cost_max_ticks,100001143
cpython_bench_pidigits-1-75fe1e85,cpython_bench_pidigits,core,syscall.syscall_cost_ticks_total,450021901
cpython_bench_pidigits-1-75fe1e85,cpython_bench_pidigits,core,syscall.syscall_getppid_total,0
cpython_bench_pidigits-1-75fe1e85,cpython_bench_pidigits,core,syscall.syscall_total,14312
cpython_bench_pidigits-1-75fe1e85,cpython_bench_pidigits,core,syscall.user_unaligned_float_loads,0
cpython_bench_pidigits-1-75fe1e85,cpython_bench_pidigits,core,syscall.user_unaligned_float_stores,0
cpython_bench_pidigits-1-75fe1e85,cpython_bench_pidigits,core,syscall.user_unaligned_load_2,0
cpython_bench_pidigits-1-75fe1e85,cpython_bench_pidigits,core,syscall.user_unaligned_load_4,0
cpython_bench_pidigits-1-75fe1e85,cpython_bench_pidigits,core,syscall.user_unaligned_load_8,0
cpython_bench_pidigits-1-75fe1e85,cpython_bench_pidigits,core,syscall.user_unaligned_store_2,0
cpython_bench_pidigits-1-75fe1e85,cpython_bench_pidigits,core,syscall.user_unaligned_store_4,0
cpython_bench_pidigits-1-75fe1e85,cpython_bench_pidigits,core,syscall.user_unaligned_store_8,0
cpython_bench_pidigits-1-75fe1e85,cpython_bench_pidigits,core,syscall.user_unaligned_ticks_max,0
cpython_bench_pidigits-1-75fe1e85,cpython_bench_pidigits,core,syscall.user_unaligned_ticks_total,0
cpython_bench_pidigits-1-75fe1e85,cpython_bench_pidigits,core,syscall.user_unaligned_traps,0
cpython_bench_pidigits-1-75fe1e85,cpython_bench_pidigits,core,taskq.add_interruptible_total,5
cpython_bench_pidigits-1-75fe1e85,cpython_bench_pidigits,core,taskq.add_ready_total,477
cpython_bench_pidigits-1-75fe1e85,cpython_bench_pidigits,core,taskq.dup_enqueue_total,0
cpython_bench_pidigits-1-75fe1e85,cpython_bench_pidigits,core,taskq.fair_pick_calls,0
cpython_bench_pidigits-1-75fe1e85,cpython_bench_pidigits,core,taskq.fair_scan_max,0
cpython_bench_pidigits-1-75fe1e85,cpython_bench_pidigits,core,taskq.fast_path_calls,477
cpython_bench_pidigits-1-75fe1e85,cpython_bench_pidigits,core,taskq.interruptible_len_max,5
cpython_bench_pidigits-1-75fe1e85,cpython_bench_pidigits,core,taskq.interruptible_zombie_max,0
cpython_bench_pidigits-1-75fe1e85,cpython_bench_pidigits,core,taskq.ready_len_max,2
cpython_bench_pidigits-1-75fe1e85,cpython_bench_pidigits,core,taskq.ready_nonzero_nice_cur,0
cpython_bench_pidigits-1-75fe1e85,cpython_bench_pidigits,core,taskq.ready_zombie_max,0
cpython_bench_pidigits-1-75fe1e85,cpython_bench_pidigits,core,taskq.wake_interruptible_total,5
cpython_bench_pidigits-1-75fe1e85,cpython_bench_pidigits,core,taskq.zombie_drain_calls,0
cpython_bench_pidigits-1-75fe1e85,cpython_bench_pidigits,core,taskq.zombie_drain_removed,0
cpython_bench_pidigits-1-75fe1e85,cpython_bench_pidigits,core,taskq.zombie_drain_scan_total,0
cpython_bench_pidigits-1-75fe1e85,cpython_bench_pidigits,core,timer.ktimer_add_total,5
cpython_bench_pidigits-1-75fe1e85,cpython_bench_pidigits,core,timer.ktimer_compact_calls,0
cpython_bench_pidigits-1-75fe1e85,cpython_bench_pidigits,core,timer.ktimer_len_max,1
cpython_bench_pidigits-1-75fe1e85,cpython_bench_pidigits,core,timer.ktimer_pop_max,1
cpython_bench_pidigits-1-75fe1e85,cpython_bench_pidigits,core,timer.ktimer_pop_total,472
cpython_bench_pidigits-1-75fe1e85,cpython_bench_pidigits,core,timer.ktimer_real_wake,5
cpython_bench_pidigits-1-75fe1e85,cpython_bench_pidigits,core,timer.ktimer_stale_removed,0
cpython_bench_pidigits-1-75fe1e85,cpython_bench_pidigits,core,timer.ktimer_stale_waketask,0
cpython_bench_pidigits-1-75fe1e85,cpython_bench_pidigits,core,timer.timer_irq_ticks_max,19165
cpython_bench_pidigits-1-75fe1e85,cpython_bench_pidigits,core,timer.timer_irq_ticks_total,1420900
cpython_bench_pidigits-1-75fe1e85,cpython_bench_pidigits,core,timer.timer_pop_nodes_total,5
cpython_bench_pidigits-1-75fe1e85,cpython_bench_pidigits,core,timer.timer_pop_ticks_max,384
cpython_bench_pidigits-1-75fe1e85,cpython_bench_pidigits,core,timer.timer_pop_ticks_total,57503
cpython_bench_pidigits-1-75fe1e85,cpython_bench_pidigits,core,timer.wait_with_timeout_total,5
cpython_bench_regex-1-3e66b6fe,cpython_bench_regex,core,boot.boot_console_ticks,0
cpython_bench_regex-1-3e66b6fe,cpython_bench_regex,core,boot.boot_drivers_ticks,0
cpython_bench_regex-1-3e66b6fe,cpython_bench_regex,core,boot.boot_fs_ticks,0
cpython_bench_regex-1-3e66b6fe,cpython_bench_regex,core,boot.boot_initproc_ticks,0
cpython_bench_regex-1-3e66b6fe,cpython_bench_regex,core,boot.boot_mm_ticks,0
cpython_bench_regex-1-3e66b6fe,cpython_bench_regex,core,boot.boot_net_ticks,0
cpython_bench_regex-1-3e66b6fe,cpython_bench_regex,core,boot.boot_scheduler_ticks,0
cpython_bench_regex-1-3e66b6fe,cpython_bench_regex,core,boot.clock_freq_hz,0
cpython_bench_regex-1-3e66b6fe,cpython_bench_regex,core,ctxsw.context_switch_total,922
cpython_bench_regex-1-3e66b6fe,cpython_bench_regex,core,seccomp.seccomp_check_calls,0
cpython_bench_regex-1-3e66b6fe,cpython_bench_regex,core,seccomp.seccomp_check_ticks_max,0
cpython_bench_regex-1-3e66b6fe,cpython_bench_regex,core,seccomp.seccomp_check_ticks_total,0
cpython_bench_regex-1-3e66b6fe,cpython_bench_regex,core,seccomp.seccomp_disabled_bypass,0
cpython_bench_regex-1-3e66b6fe,cpython_bench_regex,core,syscall.ecall_trap_cost_ticks_max,100291903
cpython_bench_regex-1-3e66b6fe,cpython_bench_regex,core,syscall.ecall_trap_cost_ticks_total,312992028
cpython_bench_regex-1-3e66b6fe,cpython_bench_regex,core,syscall.getppid_cost_ticks_max,0
cpython_bench_regex-1-3e66b6fe,cpython_bench_regex,core,syscall.getppid_cost_ticks_total,0
cpython_bench_regex-1-3e66b6fe,cpython_bench_regex,core,syscall.syscall_cost_max_ticks,100291615
cpython_bench_regex-1-3e66b6fe,cpython_bench_regex,core,syscall.syscall_cost_ticks_total,312830693
cpython_bench_regex-1-3e66b6fe,cpython_bench_regex,core,syscall.syscall_getppid_total,0
cpython_bench_regex-1-3e66b6fe,cpython_bench_regex,core,syscall.syscall_total,544
cpython_bench_regex-1-3e66b6fe,cpython_bench_regex,core,syscall.user_unaligned_float_loads,0
cpython_bench_regex-1-3e66b6fe,cpython_bench_regex,core,syscall.user_unaligned_float_stores,0
cpython_bench_regex-1-3e66b6fe,cpython_bench_regex,core,syscall.user_unaligned_load_2,0
cpython_bench_regex-1-3e66b6fe,cpython_bench_regex,core,syscall.user_unaligned_load_4,0
cpython_bench_regex-1-3e66b6fe,cpython_bench_regex,core,syscall.user_unaligned_load_8,0
cpython_bench_regex-1-3e66b6fe,cpython_bench_regex,core,syscall.user_unaligned_store_2,0
cpython_bench_regex-1-3e66b6fe,cpython_bench_regex,core,syscall.user_unaligned_store_4,0
cpython_bench_regex-1-3e66b6fe,cpython_bench_regex,core,syscall.user_unaligned_store_8,0
cpython_bench_regex-1-3e66b6fe,cpython_bench_regex,core,syscall.user_unaligned_ticks_max,0
cpython_bench_regex-1-3e66b6fe,cpython_bench_regex,core,syscall.user_unaligned_ticks_total,0
cpython_bench_regex-1-3e66b6fe,cpython_bench_regex,core,syscall.user_unaligned_traps,0
cpython_bench_regex-1-3e66b6fe,cpython_bench_regex,core,taskq.add_interruptible_total,4
cpython_bench_regex-1-3e66b6fe,cpython_bench_regex,core,taskq.add_ready_total,461
cpython_bench_regex-1-3e66b6fe,cpython_bench_regex,core,taskq.dup_enqueue_total,0
cpython_bench_regex-1-3e66b6fe,cpython_bench_regex,core,taskq.fair_pick_calls,0
cpython_bench_regex-1-3e66b6fe,cpython_bench_regex,core,taskq.fair_scan_max,0
cpython_bench_regex-1-3e66b6fe,cpython_bench_regex,core,taskq.fast_path_calls,461
cpython_bench_regex-1-3e66b6fe,cpython_bench_regex,core,taskq.interruptible_len_max,5
cpython_bench_regex-1-3e66b6fe,cpython_bench_regex,core,taskq.interruptible_zombie_max,0
cpython_bench_regex-1-3e66b6fe,cpython_bench_regex,core,taskq.ready_len_max,2
cpython_bench_regex-1-3e66b6fe,cpython_bench_regex,core,taskq.ready_nonzero_nice_cur,0
cpython_bench_regex-1-3e66b6fe,cpython_bench_regex,core,taskq.ready_zombie_max,0
cpython_bench_regex-1-3e66b6fe,cpython_bench_regex,core,taskq.wake_interruptible_total,4
cpython_bench_regex-1-3e66b6fe,cpython_bench_regex,core,taskq.zombie_drain_calls,0
cpython_bench_regex-1-3e66b6fe,cpython_bench_regex,core,taskq.zombie_drain_removed,0
cpython_bench_regex-1-3e66b6fe,cpython_bench_regex,core,taskq.zombie_drain_scan_total,0
cpython_bench_regex-1-3e66b6fe,cpython_bench_regex,core,timer.ktimer_add_total,4
cpython_bench_regex-1-3e66b6fe,cpython_bench_regex,core,timer.ktimer_compact_calls,0
cpython_bench_regex-1-3e66b6fe,cpython_bench_regex,core,timer.ktimer_len_max,1
cpython_bench_regex-1-3e66b6fe,cpython_bench_regex,core,timer.ktimer_pop_max,1
cpython_bench_regex-1-3e66b6fe,cpython_bench_regex,core,timer.ktimer_pop_total,457
cpython_bench_regex-1-3e66b6fe,cpython_bench_regex,core,timer.ktimer_real_wake,4
cpython_bench_regex-1-3e66b6fe,cpython_bench_regex,core,timer.ktimer_stale_removed,0
cpython_bench_regex-1-3e66b6fe,cpython_bench_regex,core,timer.ktimer_stale_waketask,0
cpython_bench_regex-1-3e66b6fe,cpython_bench_regex,core,timer.timer_irq_ticks_max,21192
cpython_bench_regex-1-3e66b6fe,cpython_bench_regex,core,timer.timer_irq_ticks_total,1404572
cpython_bench_regex-1-3e66b6fe,cpython_bench_regex,core,timer.timer_pop_nodes_total,4
cpython_bench_regex-1-3e66b6fe,cpython_bench_regex,core,timer.timer_pop_ticks_max,407
cpython_bench_regex-1-3e66b6fe,cpython_bench_regex,core,timer.timer_pop_ticks_total,66158
cpython_bench_regex-1-3e66b6fe,cpython_bench_regex,core,timer.wait_with_timeout_total,4
cpython_bench_richards-1-7799be4f,cpython_bench_richards,core,boot.boot_console_ticks,0
cpython_bench_richards-1-7799be4f,cpython_bench_richards,core,boot.boot_drivers_ticks,0
cpython_bench_richards-1-7799be4f,cpython_bench_richards,core,boot.boot_fs_ticks,0
cpython_bench_richards-1-7799be4f,cpython_bench_richards,core,boot.boot_initproc_ticks,0
cpython_bench_richards-1-7799be4f,cpython_bench_richards,core,boot.boot_mm_ticks,0
cpython_bench_richards-1-7799be4f,cpython_bench_richards,core,boot.boot_net_ticks,0
cpython_bench_richards-1-7799be4f,cpython_bench_richards,core,boot.boot_scheduler_ticks,0
cpython_bench_richards-1-7799be4f,cpython_bench_richards,core,boot.clock_freq_hz,0
cpython_bench_richards-1-7799be4f,cpython_bench_richards,core,ctxsw.context_switch_total,512
cpython_bench_richards-1-7799be4f,cpython_bench_richards,core,seccomp.seccomp_check_calls,0
cpython_bench_richards-1-7799be4f,cpython_bench_richards,core,seccomp.seccomp_check_ticks_max,0
cpython_bench_richards-1-7799be4f,cpython_bench_richards,core,seccomp.seccomp_check_ticks_total,0
cpython_bench_richards-1-7799be4f,cpython_bench_richards,core,seccomp.seccomp_disabled_bypass,0
cpython_bench_richards-1-7799be4f,cpython_bench_richards,core,syscall.ecall_trap_cost_ticks_max,100001427
cpython_bench_richards-1-7799be4f,cpython_bench_richards,core,syscall.ecall_trap_cost_ticks_total,100095491
cpython_bench_richards-1-7799be4f,cpython_bench_richards,core,syscall.getppid_cost_ticks_max,0
cpython_bench_richards-1-7799be4f,cpython_bench_richards,core,syscall.getppid_cost_ticks_total,0
cpython_bench_richards-1-7799be4f,cpython_bench_richards,core,syscall.syscall_cost_max_ticks,100001161
cpython_bench_richards-1-7799be4f,cpython_bench_richards,core,syscall.syscall_cost_ticks_total,100091434
cpython_bench_richards-1-7799be4f,cpython_bench_richards,core,syscall.syscall_getppid_total,0
cpython_bench_richards-1-7799be4f,cpython_bench_richards,core,syscall.syscall_total,16
cpython_bench_richards-1-7799be4f,cpython_bench_richards,core,syscall.user_unaligned_float_loads,0
cpython_bench_richards-1-7799be4f,cpython_bench_richards,core,syscall.user_unaligned_float_stores,0
cpython_bench_richards-1-7799be4f,cpython_bench_richards,core,syscall.user_unaligned_load_2,0
cpython_bench_richards-1-7799be4f,cpython_bench_richards,core,syscall.user_unaligned_load_4,0
cpython_bench_richards-1-7799be4f,cpython_bench_richards,core,syscall.user_unaligned_load_8,0
cpython_bench_richards-1-7799be4f,cpython_bench_richards,core,syscall.user_unaligned_store_2,0
cpython_bench_richards-1-7799be4f,cpython_bench_richards,core,syscall.user_unaligned_store_4,0
cpython_bench_richards-1-7799be4f,cpython_bench_richards,core,syscall.user_unaligned_store_8,0
cpython_bench_richards-1-7799be4f,cpython_bench_richards,core,syscall.user_unaligned_ticks_max,0
cpython_bench_richards-1-7799be4f,cpython_bench_richards,core,syscall.user_unaligned_ticks_total,0
cpython_bench_richards-1-7799be4f,cpython_bench_richards,core,syscall.user_unaligned_traps,0
cpython_bench_richards-1-7799be4f,cpython_bench_richards,core,taskq.add_interruptible_total,2
cpython_bench_richards-1-7799be4f,cpython_bench_richards,core,taskq.add_ready_total,256
cpython_bench_richards-1-7799be4f,cpython_bench_richards,core,taskq.dup_enqueue_total,0
cpython_bench_richards-1-7799be4f,cpython_bench_richards,core,taskq.fair_pick_calls,0
cpython_bench_richards-1-7799be4f,cpython_bench_richards,core,taskq.fair_scan_max,0
cpython_bench_richards-1-7799be4f,cpython_bench_richards,core,taskq.fast_path_calls,256
cpython_bench_richards-1-7799be4f,cpython_bench_richards,core,taskq.interruptible_len_max,5
cpython_bench_richards-1-7799be4f,cpython_bench_richards,core,taskq.interruptible_zombie_max,0
cpython_bench_richards-1-7799be4f,cpython_bench_richards,core,taskq.ready_len_max,2
cpython_bench_richards-1-7799be4f,cpython_bench_richards,core,taskq.ready_nonzero_nice_cur,0
cpython_bench_richards-1-7799be4f,cpython_bench_richards,core,taskq.ready_zombie_max,0
cpython_bench_richards-1-7799be4f,cpython_bench_richards,core,taskq.wake_interruptible_total,2
cpython_bench_richards-1-7799be4f,cpython_bench_richards,core,taskq.zombie_drain_calls,0
cpython_bench_richards-1-7799be4f,cpython_bench_richards,core,taskq.zombie_drain_removed,0
cpython_bench_richards-1-7799be4f,cpython_bench_richards,core,taskq.zombie_drain_scan_total,0
cpython_bench_richards-1-7799be4f,cpython_bench_richards,core,timer.ktimer_add_total,2
cpython_bench_richards-1-7799be4f,cpython_bench_richards,core,timer.ktimer_compact_calls,0
cpython_bench_richards-1-7799be4f,cpython_bench_richards,core,timer.ktimer_len_max,1
cpython_bench_richards-1-7799be4f,cpython_bench_richards,core,timer.ktimer_pop_max,1
cpython_bench_richards-1-7799be4f,cpython_bench_richards,core,timer.ktimer_pop_total,254
cpython_bench_richards-1-7799be4f,cpython_bench_richards,core,timer.ktimer_real_wake,2
cpython_bench_richards-1-7799be4f,cpython_bench_richards,core,timer.ktimer_stale_removed,0
cpython_bench_richards-1-7799be4f,cpython_bench_richards,core,timer.ktimer_stale_waketask,0
cpython_bench_richards-1-7799be4f,cpython_bench_richards,core,timer.timer_irq_ticks_max,19004
cpython_bench_richards-1-7799be4f,cpython_bench_richards,core,timer.timer_irq_ticks_total,736034
cpython_bench_richards-1-7799be4f,cpython_bench_richards,core,timer.timer_pop_nodes_total,2
cpython_bench_richards-1-7799be4f,cpython_bench_richards,core,timer.timer_pop_ticks_max,287
cpython_bench_richards-1-7799be4f,cpython_bench_richards,core,timer.timer_pop_ticks_total,32016
cpython_bench_richards-1-7799be4f,cpython_bench_richards,core,timer.wait_with_timeout_total,2
cpython_bench_sort-1-fe641395,cpython_bench_sort,core,boot.boot_console_ticks,0
cpython_bench_sort-1-fe641395,cpython_bench_sort,core,boot.boot_drivers_ticks,0
cpython_bench_sort-1-fe641395,cpython_bench_sort,core,boot.boot_fs_ticks,0
cpython_bench_sort-1-fe641395,cpython_bench_sort,core,boot.boot_initproc_ticks,0
cpython_bench_sort-1-fe641395,cpython_bench_sort,core,boot.boot_mm_ticks,0
cpython_bench_sort-1-fe641395,cpython_bench_sort,core,boot.boot_net_ticks,0
cpython_bench_sort-1-fe641395,cpython_bench_sort,core,boot.boot_scheduler_ticks,0
cpython_bench_sort-1-fe641395,cpython_bench_sort,core,boot.clock_freq_hz,0
cpython_bench_sort-1-fe641395,cpython_bench_sort,core,ctxsw.context_switch_total,1950
cpython_bench_sort-1-fe641395,cpython_bench_sort,core,seccomp.seccomp_check_calls,0
cpython_bench_sort-1-fe641395,cpython_bench_sort,core,seccomp.seccomp_check_ticks_max,0
cpython_bench_sort-1-fe641395,cpython_bench_sort,core,seccomp.seccomp_check_ticks_total,0
cpython_bench_sort-1-fe641395,cpython_bench_sort,core,seccomp.seccomp_disabled_bypass,0
cpython_bench_sort-1-fe641395,cpython_bench_sort,core,syscall.ecall_trap_cost_ticks_max,100002173
cpython_bench_sort-1-fe641395,cpython_bench_sort,core,syscall.ecall_trap_cost_ticks_total,855719095
cpython_bench_sort-1-fe641395,cpython_bench_sort,core,syscall.getppid_cost_ticks_max,0
cpython_bench_sort-1-fe641395,cpython_bench_sort,core,syscall.getppid_cost_ticks_total,0
cpython_bench_sort-1-fe641395,cpython_bench_sort,core,syscall.syscall_cost_max_ticks,100001827
cpython_bench_sort-1-fe641395,cpython_bench_sort,core,syscall.syscall_cost_ticks_total,855449205
cpython_bench_sort-1-fe641395,cpython_bench_sort,core,syscall.syscall_getppid_total,0
cpython_bench_sort-1-fe641395,cpython_bench_sort,core,syscall.syscall_total,720
cpython_bench_sort-1-fe641395,cpython_bench_sort,core,syscall.user_unaligned_float_loads,0
cpython_bench_sort-1-fe641395,cpython_bench_sort,core,syscall.user_unaligned_float_stores,0
cpython_bench_sort-1-fe641395,cpython_bench_sort,core,syscall.user_unaligned_load_2,0
cpython_bench_sort-1-fe641395,cpython_bench_sort,core,syscall.user_unaligned_load_4,0
cpython_bench_sort-1-fe641395,cpython_bench_sort,core,syscall.user_unaligned_load_8,0
cpython_bench_sort-1-fe641395,cpython_bench_sort,core,syscall.user_unaligned_store_2,0
cpython_bench_sort-1-fe641395,cpython_bench_sort,core,syscall.user_unaligned_store_4,0
cpython_bench_sort-1-fe641395,cpython_bench_sort,core,syscall.user_unaligned_store_8,0
cpython_bench_sort-1-fe641395,cpython_bench_sort,core,syscall.user_unaligned_ticks_max,0
cpython_bench_sort-1-fe641395,cpython_bench_sort,core,syscall.user_unaligned_ticks_total,0
cpython_bench_sort-1-fe641395,cpython_bench_sort,core,syscall.user_unaligned_traps,0
cpython_bench_sort-1-fe641395,cpython_bench_sort,core,taskq.add_interruptible_total,9
cpython_bench_sort-1-fe641395,cpython_bench_sort,core,taskq.add_ready_total,975
cpython_bench_sort-1-fe641395,cpython_bench_sort,core,taskq.dup_enqueue_total,0
cpython_bench_sort-1-fe641395,cpython_bench_sort,core,taskq.fair_pick_calls,0
cpython_bench_sort-1-fe641395,cpython_bench_sort,core,taskq.fair_scan_max,0
cpython_bench_sort-1-fe641395,cpython_bench_sort,core,taskq.fast_path_calls,975
cpython_bench_sort-1-fe641395,cpython_bench_sort,core,taskq.interruptible_len_max,5
cpython_bench_sort-1-fe641395,cpython_bench_sort,core,taskq.interruptible_zombie_max,0
cpython_bench_sort-1-fe641395,cpython_bench_sort,core,taskq.ready_len_max,2
cpython_bench_sort-1-fe641395,cpython_bench_sort,core,taskq.ready_nonzero_nice_cur,0
cpython_bench_sort-1-fe641395,cpython_bench_sort,core,taskq.ready_zombie_max,0
cpython_bench_sort-1-fe641395,cpython_bench_sort,core,taskq.wake_interruptible_total,9
cpython_bench_sort-1-fe641395,cpython_bench_sort,core,taskq.zombie_drain_calls,0
cpython_bench_sort-1-fe641395,cpython_bench_sort,core,taskq.zombie_drain_removed,0
cpython_bench_sort-1-fe641395,cpython_bench_sort,core,taskq.zombie_drain_scan_total,0
cpython_bench_sort-1-fe641395,cpython_bench_sort,core,timer.ktimer_add_total,9
cpython_bench_sort-1-fe641395,cpython_bench_sort,core,timer.ktimer_compact_calls,0
cpython_bench_sort-1-fe641395,cpython_bench_sort,core,timer.ktimer_len_max,1
cpython_bench_sort-1-fe641395,cpython_bench_sort,core,timer.ktimer_pop_max,1
cpython_bench_sort-1-fe641395,cpython_bench_sort,core,timer.ktimer_pop_total,966
cpython_bench_sort-1-fe641395,cpython_bench_sort,core,timer.ktimer_real_wake,9
cpython_bench_sort-1-fe641395,cpython_bench_sort,core,timer.ktimer_stale_removed,0
cpython_bench_sort-1-fe641395,cpython_bench_sort,core,timer.ktimer_stale_waketask,0
cpython_bench_sort-1-fe641395,cpython_bench_sort,core,timer.timer_irq_ticks_max,21864
cpython_bench_sort-1-fe641395,cpython_bench_sort,core,timer.timer_irq_ticks_total,3905480
cpython_bench_sort-1-fe641395,cpython_bench_sort,core,timer.timer_pop_nodes_total,9
cpython_bench_sort-1-fe641395,cpython_bench_sort,core,timer.timer_pop_ticks_max,887
cpython_bench_sort-1-fe641395,cpython_bench_sort,core,timer.timer_pop_ticks_total,220177
cpython_bench_sort-1-fe641395,cpython_bench_sort,core,timer.wait_with_timeout_total,9
cpython_bench_spectral_norm-1-f6c0f3fb,cpython_bench_spectral_norm,core,boot.boot_console_ticks,0
cpython_bench_spectral_norm-1-f6c0f3fb,cpython_bench_spectral_norm,core,boot.boot_drivers_ticks,0
cpython_bench_spectral_norm-1-f6c0f3fb,cpython_bench_spectral_norm,core,boot.boot_fs_ticks,0
cpython_bench_spectral_norm-1-f6c0f3fb,cpython_bench_spectral_norm,core,boot.boot_initproc_ticks,0
cpython_bench_spectral_norm-1-f6c0f3fb,cpython_bench_spectral_norm,core,boot.boot_mm_ticks,0
cpython_bench_spectral_norm-1-f6c0f3fb,cpython_bench_spectral_norm,core,boot.boot_net_ticks,0
cpython_bench_spectral_norm-1-f6c0f3fb,cpython_bench_spectral_norm,core,boot.boot_scheduler_ticks,0
cpython_bench_spectral_norm-1-f6c0f3fb,cpython_bench_spectral_norm,core,boot.clock_freq_hz,0
cpython_bench_spectral_norm-1-f6c0f3fb,cpython_bench_spectral_norm,core,ctxsw.context_switch_total,1812
cpython_bench_spectral_norm-1-f6c0f3fb,cpython_bench_spectral_norm,core,seccomp.seccomp_check_calls,0
cpython_bench_spectral_norm-1-f6c0f3fb,cpython_bench_spectral_norm,core,seccomp.seccomp_check_ticks_max,0
cpython_bench_spectral_norm-1-f6c0f3fb,cpython_bench_spectral_norm,core,seccomp.seccomp_check_ticks_total,0
cpython_bench_spectral_norm-1-f6c0f3fb,cpython_bench_spectral_norm,core,seccomp.seccomp_disabled_bypass,0
cpython_bench_spectral_norm-1-f6c0f3fb,cpython_bench_spectral_norm,core,syscall.ecall_trap_cost_ticks_max,100001300
cpython_bench_spectral_norm-1-f6c0f3fb,cpython_bench_spectral_norm,core,syscall.ecall_trap_cost_ticks_total,800106565
cpython_bench_spectral_norm-1-f6c0f3fb,cpython_bench_spectral_norm,core,syscall.getppid_cost_ticks_max,0
cpython_bench_spectral_norm-1-f6c0f3fb,cpython_bench_spectral_norm,core,syscall.getppid_cost_ticks_total,0
cpython_bench_spectral_norm-1-f6c0f3fb,cpython_bench_spectral_norm,core,syscall.syscall_cost_max_ticks,100001017
cpython_bench_spectral_norm-1-f6c0f3fb,cpython_bench_spectral_norm,core,syscall.syscall_cost_ticks_total,800099012
cpython_bench_spectral_norm-1-f6c0f3fb,cpython_bench_spectral_norm,core,syscall.syscall_getppid_total,0
cpython_bench_spectral_norm-1-f6c0f3fb,cpython_bench_spectral_norm,core,syscall.syscall_total,30
cpython_bench_spectral_norm-1-f6c0f3fb,cpython_bench_spectral_norm,core,syscall.user_unaligned_float_loads,0
cpython_bench_spectral_norm-1-f6c0f3fb,cpython_bench_spectral_norm,core,syscall.user_unaligned_float_stores,0
cpython_bench_spectral_norm-1-f6c0f3fb,cpython_bench_spectral_norm,core,syscall.user_unaligned_load_2,0
cpython_bench_spectral_norm-1-f6c0f3fb,cpython_bench_spectral_norm,core,syscall.user_unaligned_load_4,0
cpython_bench_spectral_norm-1-f6c0f3fb,cpython_bench_spectral_norm,core,syscall.user_unaligned_load_8,0
cpython_bench_spectral_norm-1-f6c0f3fb,cpython_bench_spectral_norm,core,syscall.user_unaligned_store_2,0
cpython_bench_spectral_norm-1-f6c0f3fb,cpython_bench_spectral_norm,core,syscall.user_unaligned_store_4,0
cpython_bench_spectral_norm-1-f6c0f3fb,cpython_bench_spectral_norm,core,syscall.user_unaligned_store_8,0
cpython_bench_spectral_norm-1-f6c0f3fb,cpython_bench_spectral_norm,core,syscall.user_unaligned_ticks_max,0
cpython_bench_spectral_norm-1-f6c0f3fb,cpython_bench_spectral_norm,core,syscall.user_unaligned_ticks_total,0
cpython_bench_spectral_norm-1-f6c0f3fb,cpython_bench_spectral_norm,core,syscall.user_unaligned_traps,0
cpython_bench_spectral_norm-1-f6c0f3fb,cpython_bench_spectral_norm,core,taskq.add_interruptible_total,9
cpython_bench_spectral_norm-1-f6c0f3fb,cpython_bench_spectral_norm,core,taskq.add_ready_total,906
cpython_bench_spectral_norm-1-f6c0f3fb,cpython_bench_spectral_norm,core,taskq.dup_enqueue_total,0
cpython_bench_spectral_norm-1-f6c0f3fb,cpython_bench_spectral_norm,core,taskq.fair_pick_calls,0
cpython_bench_spectral_norm-1-f6c0f3fb,cpython_bench_spectral_norm,core,taskq.fair_scan_max,0
cpython_bench_spectral_norm-1-f6c0f3fb,cpython_bench_spectral_norm,core,taskq.fast_path_calls,906
cpython_bench_spectral_norm-1-f6c0f3fb,cpython_bench_spectral_norm,core,taskq.interruptible_len_max,5
cpython_bench_spectral_norm-1-f6c0f3fb,cpython_bench_spectral_norm,core,taskq.interruptible_zombie_max,0
cpython_bench_spectral_norm-1-f6c0f3fb,cpython_bench_spectral_norm,core,taskq.ready_len_max,2
cpython_bench_spectral_norm-1-f6c0f3fb,cpython_bench_spectral_norm,core,taskq.ready_nonzero_nice_cur,0
cpython_bench_spectral_norm-1-f6c0f3fb,cpython_bench_spectral_norm,core,taskq.ready_zombie_max,0
cpython_bench_spectral_norm-1-f6c0f3fb,cpython_bench_spectral_norm,core,taskq.wake_interruptible_total,9
cpython_bench_spectral_norm-1-f6c0f3fb,cpython_bench_spectral_norm,core,taskq.zombie_drain_calls,0
cpython_bench_spectral_norm-1-f6c0f3fb,cpython_bench_spectral_norm,core,taskq.zombie_drain_removed,0
cpython_bench_spectral_norm-1-f6c0f3fb,cpython_bench_spectral_norm,core,taskq.zombie_drain_scan_total,0
cpython_bench_spectral_norm-1-f6c0f3fb,cpython_bench_spectral_norm,core,timer.ktimer_add_total,9
cpython_bench_spectral_norm-1-f6c0f3fb,cpython_bench_spectral_norm,core,timer.ktimer_compact_calls,0
cpython_bench_spectral_norm-1-f6c0f3fb,cpython_bench_spectral_norm,core,timer.ktimer_len_max,1
cpython_bench_spectral_norm-1-f6c0f3fb,cpython_bench_spectral_norm,core,timer.ktimer_pop_max,1
cpython_bench_spectral_norm-1-f6c0f3fb,cpython_bench_spectral_norm,core,timer.ktimer_pop_total,897
cpython_bench_spectral_norm-1-f6c0f3fb,cpython_bench_spectral_norm,core,timer.ktimer_real_wake,9
cpython_bench_spectral_norm-1-f6c0f3fb,cpython_bench_spectral_norm,core,timer.ktimer_stale_removed,0
cpython_bench_spectral_norm-1-f6c0f3fb,cpython_bench_spectral_norm,core,timer.ktimer_stale_waketask,0
cpython_bench_spectral_norm-1-f6c0f3fb,cpython_bench_spectral_norm,core,timer.timer_irq_ticks_max,18463
cpython_bench_spectral_norm-1-f6c0f3fb,cpython_bench_spectral_norm,core,timer.timer_irq_ticks_total,2152708
cpython_bench_spectral_norm-1-f6c0f3fb,cpython_bench_spectral_norm,core,timer.timer_pop_nodes_total,9
cpython_bench_spectral_norm-1-f6c0f3fb,cpython_bench_spectral_norm,core,timer.timer_pop_ticks_max,316
cpython_bench_spectral_norm-1-f6c0f3fb,cpython_bench_spectral_norm,core,timer.timer_pop_ticks_total,71646
cpython_bench_spectral_norm-1-f6c0f3fb,cpython_bench_spectral_norm,core,timer.wait_with_timeout_total,9
cpython_bench_string-1-8c3588a7,cpython_bench_string,core,boot.boot_console_ticks,0
cpython_bench_string-1-8c3588a7,cpython_bench_string,core,boot.boot_drivers_ticks,0
cpython_bench_string-1-8c3588a7,cpython_bench_string,core,boot.boot_fs_ticks,0
cpython_bench_string-1-8c3588a7,cpython_bench_string,core,boot.boot_initproc_ticks,0
cpython_bench_string-1-8c3588a7,cpython_bench_string,core,boot.boot_mm_ticks,0
cpython_bench_string-1-8c3588a7,cpython_bench_string,core,boot.boot_net_ticks,0
cpython_bench_string-1-8c3588a7,cpython_bench_string,core,boot.boot_scheduler_ticks,0
cpython_bench_string-1-8c3588a7,cpython_bench_string,core,boot.clock_freq_hz,0
cpython_bench_string-1-8c3588a7,cpython_bench_string,core,ctxsw.context_switch_total,258
cpython_bench_string-1-8c3588a7,cpython_bench_string,core,seccomp.seccomp_check_calls,0
cpython_bench_string-1-8c3588a7,cpython_bench_string,core,seccomp.seccomp_check_ticks_max,0
cpython_bench_string-1-8c3588a7,cpython_bench_string,core,seccomp.seccomp_check_ticks_total,0
cpython_bench_string-1-8c3588a7,cpython_bench_string,core,seccomp.seccomp_disabled_bypass,0
cpython_bench_string-1-8c3588a7,cpython_bench_string,core,syscall.ecall_trap_cost_ticks_max,2789659
cpython_bench_string-1-8c3588a7,cpython_bench_string,core,syscall.ecall_trap_cost_ticks_total,33820915
cpython_bench_string-1-8c3588a7,cpython_bench_string,core,syscall.getppid_cost_ticks_max,0
cpython_bench_string-1-8c3588a7,cpython_bench_string,core,syscall.getppid_cost_ticks_total,0
cpython_bench_string-1-8c3588a7,cpython_bench_string,core,syscall.syscall_cost_max_ticks,2788704
cpython_bench_string-1-8c3588a7,cpython_bench_string,core,syscall.syscall_cost_ticks_total,33749439
cpython_bench_string-1-8c3588a7,cpython_bench_string,core,syscall.syscall_getppid_total,0
cpython_bench_string-1-8c3588a7,cpython_bench_string,core,syscall.syscall_total,177
cpython_bench_string-1-8c3588a7,cpython_bench_string,core,syscall.user_unaligned_float_loads,0
cpython_bench_string-1-8c3588a7,cpython_bench_string,core,syscall.user_unaligned_float_stores,0
cpython_bench_string-1-8c3588a7,cpython_bench_string,core,syscall.user_unaligned_load_2,0
cpython_bench_string-1-8c3588a7,cpython_bench_string,core,syscall.user_unaligned_load_4,0
cpython_bench_string-1-8c3588a7,cpython_bench_string,core,syscall.user_unaligned_load_8,0
cpython_bench_string-1-8c3588a7,cpython_bench_string,core,syscall.user_unaligned_store_2,0
cpython_bench_string-1-8c3588a7,cpython_bench_string,core,syscall.user_unaligned_store_4,0
cpython_bench_string-1-8c3588a7,cpython_bench_string,core,syscall.user_unaligned_store_8,0
cpython_bench_string-1-8c3588a7,cpython_bench_string,core,syscall.user_unaligned_ticks_max,0
cpython_bench_string-1-8c3588a7,cpython_bench_string,core,syscall.user_unaligned_ticks_total,0
cpython_bench_string-1-8c3588a7,cpython_bench_string,core,syscall.user_unaligned_traps,0
cpython_bench_string-1-8c3588a7,cpython_bench_string,core,taskq.add_interruptible_total,1
cpython_bench_string-1-8c3588a7,cpython_bench_string,core,taskq.add_ready_total,129
cpython_bench_string-1-8c3588a7,cpython_bench_string,core,taskq.dup_enqueue_total,0
cpython_bench_string-1-8c3588a7,cpython_bench_string,core,taskq.fair_pick_calls,0
cpython_bench_string-1-8c3588a7,cpython_bench_string,core,taskq.fair_scan_max,0
cpython_bench_string-1-8c3588a7,cpython_bench_string,core,taskq.fast_path_calls,129
cpython_bench_string-1-8c3588a7,cpython_bench_string,core,taskq.interruptible_len_max,5
cpython_bench_string-1-8c3588a7,cpython_bench_string,core,taskq.interruptible_zombie_max,0
cpython_bench_string-1-8c3588a7,cpython_bench_string,core,taskq.ready_len_max,2
cpython_bench_string-1-8c3588a7,cpython_bench_string,core,taskq.ready_nonzero_nice_cur,0
cpython_bench_string-1-8c3588a7,cpython_bench_string,core,taskq.ready_zombie_max,0
cpython_bench_string-1-8c3588a7,cpython_bench_string,core,taskq.wake_interruptible_total,1
cpython_bench_string-1-8c3588a7,cpython_bench_string,core,taskq.zombie_drain_calls,0
cpython_bench_string-1-8c3588a7,cpython_bench_string,core,taskq.zombie_drain_removed,0
cpython_bench_string-1-8c3588a7,cpython_bench_string,core,taskq.zombie_drain_scan_total,0
cpython_bench_string-1-8c3588a7,cpython_bench_string,core,timer.ktimer_add_total,1
cpython_bench_string-1-8c3588a7,cpython_bench_string,core,timer.ktimer_compact_calls,0
cpython_bench_string-1-8c3588a7,cpython_bench_string,core,timer.ktimer_len_max,1
cpython_bench_string-1-8c3588a7,cpython_bench_string,core,timer.ktimer_pop_max,1
cpython_bench_string-1-8c3588a7,cpython_bench_string,core,timer.ktimer_pop_total,128
cpython_bench_string-1-8c3588a7,cpython_bench_string,core,timer.ktimer_real_wake,1
cpython_bench_string-1-8c3588a7,cpython_bench_string,core,timer.ktimer_stale_removed,0
cpython_bench_string-1-8c3588a7,cpython_bench_string,core,timer.ktimer_stale_waketask,0
cpython_bench_string-1-8c3588a7,cpython_bench_string,core,timer.timer_irq_ticks_max,21506
cpython_bench_string-1-8c3588a7,cpython_bench_string,core,timer.timer_irq_ticks_total,556253
cpython_bench_string-1-8c3588a7,cpython_bench_string,core,timer.timer_pop_nodes_total,1
cpython_bench_string-1-8c3588a7,cpython_bench_string,core,timer.timer_pop_ticks_max,434
cpython_bench_string-1-8c3588a7,cpython_bench_string,core,timer.timer_pop_ticks_total,30207
cpython_bench_string-1-8c3588a7,cpython_bench_string,core,timer.wait_with_timeout_total,1
cpython_bench_thread-1-be243ecf,cpython_bench_thread,core,boot.boot_console_ticks,0
cpython_bench_thread-1-be243ecf,cpython_bench_thread,core,boot.boot_drivers_ticks,0
cpython_bench_thread-1-be243ecf,cpython_bench_thread,core,boot.boot_fs_ticks,0
cpython_bench_thread-1-be243ecf,cpython_bench_thread,core,boot.boot_initproc_ticks,0
cpython_bench_thread-1-be243ecf,cpython_bench_thread,core,boot.boot_mm_ticks,0
cpython_bench_thread-1-be243ecf,cpython_bench_thread,core,boot.boot_net_ticks,0
cpython_bench_thread-1-be243ecf,cpython_bench_thread,core,boot.boot_scheduler_ticks,0
cpython_bench_thread-1-be243ecf,cpython_bench_thread,core,boot.clock_freq_hz,0
cpython_bench_thread-1-be243ecf,cpython_bench_thread,core,ctxsw.context_switch_total,6746
cpython_bench_thread-1-be243ecf,cpython_bench_thread,core,seccomp.seccomp_check_calls,0
cpython_bench_thread-1-be243ecf,cpython_bench_thread,core,seccomp.seccomp_check_ticks_max,0
cpython_bench_thread-1-be243ecf,cpython_bench_thread,core,seccomp.seccomp_check_ticks_total,0
cpython_bench_thread-1-be243ecf,cpython_bench_thread,core,seccomp.seccomp_disabled_bypass,0
cpython_bench_thread-1-be243ecf,cpython_bench_thread,core,syscall.ecall_trap_cost_ticks_max,100004353
cpython_bench_thread-1-be243ecf,cpython_bench_thread,core,syscall.ecall_trap_cost_ticks_total,2576476224
cpython_bench_thread-1-be243ecf,cpython_bench_thread,core,syscall.getppid_cost_ticks_max,0
cpython_bench_thread-1-be243ecf,cpython_bench_thread,core,syscall.getppid_cost_ticks_total,0
cpython_bench_thread-1-be243ecf,cpython_bench_thread,core,syscall.syscall_cost_max_ticks,100004069
cpython_bench_thread-1-be243ecf,cpython_bench_thread,core,syscall.syscall_cost_ticks_total,2574970327
cpython_bench_thread-1-be243ecf,cpython_bench_thread,core,syscall.syscall_getppid_total,0
cpython_bench_thread-1-be243ecf,cpython_bench_thread,core,syscall.syscall_total,7499
cpython_bench_thread-1-be243ecf,cpython_bench_thread,core,syscall.user_unaligned_float_loads,0
cpython_bench_thread-1-be243ecf,cpython_bench_thread,core,syscall.user_unaligned_float_stores,0
cpython_bench_thread-1-be243ecf,cpython_bench_thread,core,syscall.user_unaligned_load_2,0
cpython_bench_thread-1-be243ecf,cpython_bench_thread,core,syscall.user_unaligned_load_4,0
cpython_bench_thread-1-be243ecf,cpython_bench_thread,core,syscall.user_unaligned_load_8,0
cpython_bench_thread-1-be243ecf,cpython_bench_thread,core,syscall.user_unaligned_store_2,0
cpython_bench_thread-1-be243ecf,cpython_bench_thread,core,syscall.user_unaligned_store_4,0
cpython_bench_thread-1-be243ecf,cpython_bench_thread,core,syscall.user_unaligned_store_8,0
cpython_bench_thread-1-be243ecf,cpython_bench_thread,core,syscall.user_unaligned_ticks_max,0
cpython_bench_thread-1-be243ecf,cpython_bench_thread,core,syscall.user_unaligned_ticks_total,0
cpython_bench_thread-1-be243ecf,cpython_bench_thread,core,syscall.user_unaligned_traps,0
cpython_bench_thread-1-be243ecf,cpython_bench_thread,core,taskq.add_interruptible_total,443
cpython_bench_thread-1-be243ecf,cpython_bench_thread,core,taskq.add_ready_total,3373
cpython_bench_thread-1-be243ecf,cpython_bench_thread,core,taskq.dup_enqueue_total,0
cpython_bench_thread-1-be243ecf,cpython_bench_thread,core,taskq.fair_pick_calls,0
cpython_bench_thread-1-be243ecf,cpython_bench_thread,core,taskq.fair_scan_max,0
cpython_bench_thread-1-be243ecf,cpython_bench_thread,core,taskq.fast_path_calls,3373
cpython_bench_thread-1-be243ecf,cpython_bench_thread,core,taskq.interruptible_len_max,6
cpython_bench_thread-1-be243ecf,cpython_bench_thread,core,taskq.interruptible_zombie_max,0
cpython_bench_thread-1-be243ecf,cpython_bench_thread,core,taskq.ready_len_max,3
cpython_bench_thread-1-be243ecf,cpython_bench_thread,core,taskq.ready_nonzero_nice_cur,0
cpython_bench_thread-1-be243ecf,cpython_bench_thread,core,taskq.ready_zombie_max,0
cpython_bench_thread-1-be243ecf,cpython_bench_thread,core,taskq.wake_interruptible_total,25
cpython_bench_thread-1-be243ecf,cpython_bench_thread,core,taskq.zombie_drain_calls,350
cpython_bench_thread-1-be243ecf,cpython_bench_thread,core,taskq.zombie_drain_removed,350
cpython_bench_thread-1-be243ecf,cpython_bench_thread,core,taskq.zombie_drain_scan_total,0
cpython_bench_thread-1-be243ecf,cpython_bench_thread,core,timer.ktimer_add_total,25
cpython_bench_thread-1-be243ecf,cpython_bench_thread,core,timer.ktimer_compact_calls,0
cpython_bench_thread-1-be243ecf,cpython_bench_thread,core,timer.ktimer_len_max,1
cpython_bench_thread-1-be243ecf,cpython_bench_thread,core,timer.ktimer_pop_max,1
cpython_bench_thread-1-be243ecf,cpython_bench_thread,core,timer.ktimer_pop_total,2580
cpython_bench_thread-1-be243ecf,cpython_bench_thread,core,timer.ktimer_real_wake,25
cpython_bench_thread-1-be243ecf,cpython_bench_thread,core,timer.ktimer_stale_removed,0
cpython_bench_thread-1-be243ecf,cpython_bench_thread,core,timer.ktimer_stale_waketask,0
cpython_bench_thread-1-be243ecf,cpython_bench_thread,core,timer.timer_irq_ticks_max,19091
cpython_bench_thread-1-be243ecf,cpython_bench_thread,core,timer.timer_irq_ticks_total,7146756
cpython_bench_thread-1-be243ecf,cpython_bench_thread,core,timer.timer_pop_nodes_total,25
cpython_bench_thread-1-be243ecf,cpython_bench_thread,core,timer.timer_pop_ticks_max,407
cpython_bench_thread-1-be243ecf,cpython_bench_thread,core,timer.timer_pop_ticks_total,264257
cpython_bench_thread-1-be243ecf,cpython_bench_thread,core,timer.wait_with_timeout_total,25
