sample_id,test,benchmark,arch,platform,build_mode,cache_state,source_revision,pyperformance_revision,suite_sha256,python_version,machine,status,samples,warmups,median_seconds,min_seconds,max_seconds,mean_seconds,cv_percent,error_type,error,perf_counter_resolution_seconds,tmpdir,pycache_prefix
cpython_bench_bytesio-1-53bba8e1,cpython_bench_bytesio,bm_bytesio,la64,2k1000la,diag_on,warm-runtime,c50669c2b59a7d6d979fb12aea42c1b508ed3765,216cbeb5f828b8ee5864f9bb52f3563d2d1a4846,6a4c6a1896cbbe1ae55be8fe1149c679bacdbf4a05759b7db3280593c10e0ce1,"3.14.5 (main, Jul 17 2026, 04:01:01) [GCC 15.2.0]",la64,pass,1,1,5.82614787,5.82614787,5.82614787,5.82614787,0.0,,,1e-08,/persist/pyperf/w-sa-20260717a/run-239/tmp,
cpython_bench_chaos-1-cc721f08,cpython_bench_chaos,bm_chaos,la64,2k1000la,diag_on,warm-runtime,c50669c2b59a7d6d979fb12aea42c1b508ed3765,216cbeb5f828b8ee5864f9bb52f3563d2d1a4846,6a4c6a1896cbbe1ae55be8fe1149c679bacdbf4a05759b7db3280593c10e0ce1,"3.14.5 (main, Jul 17 2026, 04:01:01) [GCC 15.2.0]",la64,pass,1,1,14.59169547,14.59169547,14.59169547,14.59169547,0.0,,,1e-08,/persist/pyperf/w-sa-20260717a/run-275/tmp,
cpython_bench_decimal-1-8cc4fb9b,cpython_bench_decimal,bm_decimal,la64,2k1000la,diag_on,warm-runtime,c50669c2b59a7d6d979fb12aea42c1b508ed3765,216cbeb5f828b8ee5864f9bb52f3563d2d1a4846,6a4c6a1896cbbe1ae55be8fe1149c679bacdbf4a05759b7db3280593c10e0ce1,"3.14.5 (main, Jul 17 2026, 04:01:01) [GCC 15.2.0]",la64,pass,1,1,15.29126354,15.29126354,15.29126354,15.29126354,0.0,,,1e-08,/persist/pyperf/w-sa-20260717a/run-311/tmp,
cpython_bench_dict-1-eab8922a,cpython_bench_dict,bm_dict,la64,2k1000la,diag_on,warm-runtime,c50669c2b59a7d6d979fb12aea42c1b508ed3765,216cbeb5f828b8ee5864f9bb52f3563d2d1a4846,6a4c6a1896cbbe1ae55be8fe1149c679bacdbf4a05759b7db3280593c10e0ce1,"3.14.5 (main, Jul 17 2026, 04:01:01) [GCC 15.2.0]",la64,pass,1,1,6.24629224,6.24629224,6.24629224,6.24629224,0.0,,,1e-08,/persist/pyperf/w-sa-20260717a/run-347/tmp,
cpython_bench_fileio-1-04d12d92,cpython_bench_fileio,bm_fileio,la64,2k1000la,diag_on,warm-runtime,c50669c2b59a7d6d979fb12aea42c1b508ed3765,216cbeb5f828b8ee5864f9bb52f3563d2d1a4846,6a4c6a1896cbbe1ae55be8fe1149c679bacdbf4a05759b7db3280593c10e0ce1,"3.14.5 (main, Jul 17 2026, 04:01:01) [GCC 15.2.0]",la64,pass,1,1,43.12707679,43.12707679,43.12707679,43.12707679,0.0,,,1e-08,/persist/pyperf/w-sa-20260717a/run-383/tmp,
cpython_bench_float-1-7879d37a,cpython_bench_float,bm_float,la64,2k1000la,diag_on,warm-runtime,c50669c2b59a7d6d979fb12aea42c1b508ed3765,216cbeb5f828b8ee5864f9bb52f3563d2d1a4846,6a4c6a1896cbbe1ae55be8fe1149c679bacdbf4a05759b7db3280593c10e0ce1,"3.14.5 (main, Jul 17 2026, 04:01:01) [GCC 15.2.0]",la64,pass,1,1,10.35825785,10.35825785,10.35825785,10.35825785,0.0,,,1e-08,/persist/pyperf/w-sa-20260717a/run-419/tmp,
cpython_bench_fork-1-33bccb5d,cpython_bench_fork,bm_fork,la64,2k1000la,diag_on,warm-runtime,c50669c2b59a7d6d979fb12aea42c1b508ed3765,216cbeb5f828b8ee5864f9bb52f3563d2d1a4846,6a4c6a1896cbbe1ae55be8fe1149c679bacdbf4a05759b7db3280593c10e0ce1,"3.14.5 (main, Jul 17 2026, 04:01:01) [GCC 15.2.0]",la64,pass,1,1,38.01291723,38.01291723,38.01291723,38.01291723,0.0,,,1e-08,/persist/pyperf/w-sa-20260717a/run-455/tmp,
cpython_bench_hash-1-8be54887,cpython_bench_hash,bm_hash,la64,2k1000la,diag_on,warm-runtime,c50669c2b59a7d6d979fb12aea42c1b508ed3765,216cbeb5f828b8ee5864f9bb52f3563d2d1a4846,6a4c6a1896cbbe1ae55be8fe1149c679bacdbf4a05759b7db3280593c10e0ce1,"3.14.5 (main, Jul 17 2026, 04:01:01) [GCC 15.2.0]",la64,pass,1,1,3.41640009,3.41640009,3.41640009,3.41640009,0.0,,,1e-08,/persist/pyperf/w-sa-20260717a/run-621/tmp,
cpython_bench_json_loads-1-53466a8a,cpython_bench_json_loads,bm_json_loads,la64,2k1000la,diag_on,warm-runtime,c50669c2b59a7d6d979fb12aea42c1b508ed3765,216cbeb5f828b8ee5864f9bb52f3563d2d1a4846,6a4c6a1896cbbe1ae55be8fe1149c679bacdbf4a05759b7db3280593c10e0ce1,"3.14.5 (main, Jul 17 2026, 04:01:01) [GCC 15.2.0]",la64,pass,1,1,80.79507381,80.79507381,80.79507381,80.79507381,0.0,,,1e-08,/persist/pyperf/w-sa-20260717a/run-657/tmp,
cpython_bench_list-1-49cabc11,cpython_bench_list,bm_list,la64,2k1000la,diag_on,warm-runtime,c50669c2b59a7d6d979fb12aea42c1b508ed3765,216cbeb5f828b8ee5864f9bb52f3563d2d1a4846,6a4c6a1896cbbe1ae55be8fe1149c679bacdbf4a05759b7db3280593c10e0ce1,"3.14.5 (main, Jul 17 2026, 04:01:01) [GCC 15.2.0]",la64,pass,1,1,21.12246662,21.12246662,21.12246662,21.12246662,0.0,,,1e-08,/persist/pyperf/w-sa-20260717a/run-693/tmp,
cpython_bench_nbody-1-eeada99d,cpython_bench_nbody,bm_nbody,la64,2k1000la,diag_on,warm-runtime,c50669c2b59a7d6d979fb12aea42c1b508ed3765,216cbeb5f828b8ee5864f9bb52f3563d2d1a4846,6a4c6a1896cbbe1ae55be8fe1149c679bacdbf4a05759b7db3280593c10e0ce1,"3.14.5 (main, Jul 17 2026, 04:01:01) [GCC 15.2.0]",la64,pass,1,1,7.59548427,7.59548427,7.59548427,7.59548427,0.0,,,1e-08,/persist/pyperf/w-sa-20260717a/run-729/tmp,
cpython_bench_pidigits-1-75fe1e85,cpython_bench_pidigits,bm_pidigits,la64,2k1000la,diag_on,warm-runtime,c50669c2b59a7d6d979fb12aea42c1b508ed3765,216cbeb5f828b8ee5864f9bb52f3563d2d1a4846,6a4c6a1896cbbe1ae55be8fe1149c679bacdbf4a05759b7db3280593c10e0ce1,"3.14.5 (main, Jul 17 2026, 04:01:01) [GCC 15.2.0]",la64,pass,1,1,4.66950223,4.66950223,4.66950223,4.66950223,0.0,,,1e-08,/persist/pyperf/w-sa-20260717a/run-765/tmp,
cpython_bench_regex-1-3e66b6fe,cpython_bench_regex,bm_regex,la64,2k1000la,diag_on,warm-runtime,c50669c2b59a7d6d979fb12aea42c1b508ed3765,216cbeb5f828b8ee5864f9bb52f3563d2d1a4846,6a4c6a1896cbbe1ae55be8fe1149c679bacdbf4a05759b7db3280593c10e0ce1,"3.14.5 (main, Jul 17 2026, 04:01:01) [GCC 15.2.0]",la64,pass,1,1,4.53768746,4.53768746,4.53768746,4.53768746,0.0,,,1e-08,/persist/pyperf/w-sa-20260717a/run-801/tmp,
cpython_bench_richards-1-7799be4f,cpython_bench_richards,bm_richards,la64,2k1000la,diag_on,warm-runtime,c50669c2b59a7d6d979fb12aea42c1b508ed3765,216cbeb5f828b8ee5864f9bb52f3563d2d1a4846,6a4c6a1896cbbe1ae55be8fe1149c679bacdbf4a05759b7db3280593c10e0ce1,"3.14.5 (main, Jul 17 2026, 04:01:01) [GCC 15.2.0]",la64,pass,1,1,2.52114884,2.52114884,2.52114884,2.52114884,0.0,,,1e-08,/persist/pyperf/w-sa-20260717a/run-837/tmp,
cpython_bench_sort-1-fe641395,cpython_bench_sort,bm_sort,la64,2k1000la,diag_on,warm-runtime,c50669c2b59a7d6d979fb12aea42c1b508ed3765,216cbeb5f828b8ee5864f9bb52f3563d2d1a4846,6a4c6a1896cbbe1ae55be8fe1149c679bacdbf4a05759b7db3280593c10e0ce1,"3.14.5 (main, Jul 17 2026, 04:01:01) [GCC 15.2.0]",la64,pass,1,1,9.56716802,9.56716802,9.56716802,9.56716802,0.0,,,1e-08,/persist/pyperf/w-sa-20260717a/run-873/tmp,
cpython_bench_spectral_norm-1-f6c0f3fb,cpython_bench_spectral_norm,bm_spectral_norm,la64,2k1000la,diag_on,warm-runtime,c50669c2b59a7d6d979fb12aea42c1b508ed3765,216cbeb5f828b8ee5864f9bb52f3563d2d1a4846,6a4c6a1896cbbe1ae55be8fe1149c679bacdbf4a05759b7db3280593c10e0ce1,"3.14.5 (main, Jul 17 2026, 04:01:01) [GCC 15.2.0]",la64,pass,1,1,8.88051202,8.88051202,8.88051202,8.88051202,0.0,,,1e-08,/persist/pyperf/w-sa-20260717a/run-909/tmp,
cpython_bench_string-1-8c3588a7,cpython_bench_string,bm_string,la64,2k1000la,diag_on,warm-runtime,c50669c2b59a7d6d979fb12aea42c1b508ed3765,216cbeb5f828b8ee5864f9bb52f3563d2d1a4846,6a4c6a1896cbbe1ae55be8fe1149c679bacdbf4a05759b7db3280593c10e0ce1,"3.14.5 (main, Jul 17 2026, 04:01:01) [GCC 15.2.0]",la64,pass,1,1,1.35406829,1.35406829,1.35406829,1.35406829,0.0,,,1e-08,/persist/pyperf/w-sa-20260717a/run-945/tmp,
cpython_bench_thread-1-be243ecf,cpython_bench_thread,bm_thread,la64,2k1000la,diag_on,warm-runtime,c50669c2b59a7d6d979fb12aea42c1b508ed3765,216cbeb5f828b8ee5864f9bb52f3563d2d1a4846,6a4c6a1896cbbe1ae55be8fe1149c679bacdbf4a05759b7db3280593c10e0ce1,"3.14.5 (main, Jul 17 2026, 04:01:01) [GCC 15.2.0]",la64,pass,1,1,25.55725312,25.55725312,25.55725312,25.55725312,0.0,,,1e-08,/persist/pyperf/w-sa-20260717a/run-981/tmp,
