sample_id,test,benchmark,arch,platform,build_mode,cache_state,source_revision,pyperformance_revision,suite_sha256,python_version,machine,sample,phase,value,unit
cpython_bench_fileio-1-db88d12b,cpython_bench_fileio,bm_fileio,la64,2k1000la,production,ext4-warm,c50669c2b59a7d6d979fb12aea42c1b508ed3765,216cbeb5f828b8ee5864f9bb52f3563d2d1a4846,6a4c6a1896cbbe1ae55be8fe1149c679bacdbf4a05759b7db3280593c10e0ce1,"3.14.5 (main, Jun 20 2026, 00:29:39) [GCC 15.2.0]",la64,1,bytes_sequential,10485760,count
cpython_bench_fileio-1-db88d12b,cpython_bench_fileio,bm_fileio,la64,2k1000la,production,ext4-warm,c50669c2b59a7d6d979fb12aea42c1b508ed3765,216cbeb5f828b8ee5864f9bb52f3563d2d1a4846,6a4c6a1896cbbe1ae55be8fe1149c679bacdbf4a05759b7db3280593c10e0ce1,"3.14.5 (main, Jun 20 2026, 00:29:39) [GCC 15.2.0]",la64,1,direct_hot_read_ns,66813660,ns
cpython_bench_fileio-1-db88d12b,cpython_bench_fileio,bm_fileio,la64,2k1000la,production,ext4-warm,c50669c2b59a7d6d979fb12aea42c1b508ed3765,216cbeb5f828b8ee5864f9bb52f3563d2d1a4846,6a4c6a1896cbbe1ae55be8fe1149c679bacdbf4a05759b7db3280593c10e0ce1,"3.14.5 (main, Jun 20 2026, 00:29:39) [GCC 15.2.0]",la64,1,direct_write_fsync_ns,225182490,ns
cpython_bench_fileio-1-db88d12b,cpython_bench_fileio,bm_fileio,la64,2k1000la,production,ext4-warm,c50669c2b59a7d6d979fb12aea42c1b508ed3765,216cbeb5f828b8ee5864f9bb52f3563d2d1a4846,6a4c6a1896cbbe1ae55be8fe1149c679bacdbf4a05759b7db3280593c10e0ce1,"3.14.5 (main, Jun 20 2026, 00:29:39) [GCC 15.2.0]",la64,1,metadata_5000_files_ns,46449048980,ns
cpython_bench_fileio-1-db88d12b,cpython_bench_fileio,bm_fileio,la64,2k1000la,production,ext4-warm,c50669c2b59a7d6d979fb12aea42c1b508ed3765,216cbeb5f828b8ee5864f9bb52f3563d2d1a4846,6a4c6a1896cbbe1ae55be8fe1149c679bacdbf4a05759b7db3280593c10e0ce1,"3.14.5 (main, Jun 20 2026, 00:29:39) [GCC 15.2.0]",la64,1,seek_truncate_fsync_ns,28681410,ns
cpython_bench_fileio-1-db88d12b,cpython_bench_fileio,bm_fileio,la64,2k1000la,production,ext4-warm,c50669c2b59a7d6d979fb12aea42c1b508ed3765,216cbeb5f828b8ee5864f9bb52f3563d2d1a4846,6a4c6a1896cbbe1ae55be8fe1149c679bacdbf4a05759b7db3280593c10e0ce1,"3.14.5 (main, Jun 20 2026, 00:29:39) [GCC 15.2.0]",la64,1,sequential_hot_read_ns,209307750,ns
cpython_bench_fileio-1-db88d12b,cpython_bench_fileio,bm_fileio,la64,2k1000la,production,ext4-warm,c50669c2b59a7d6d979fb12aea42c1b508ed3765,216cbeb5f828b8ee5864f9bb52f3563d2d1a4846,6a4c6a1896cbbe1ae55be8fe1149c679bacdbf4a05759b7db3280593c10e0ce1,"3.14.5 (main, Jun 20 2026, 00:29:39) [GCC 15.2.0]",la64,1,sequential_write_fsync_ns,1664357850,ns
cpython_bench_fileio-1-db88d12b,cpython_bench_fileio,bm_fileio,la64,2k1000la,production,ext4-warm,c50669c2b59a7d6d979fb12aea42c1b508ed3765,216cbeb5f828b8ee5864f9bb52f3563d2d1a4846,6a4c6a1896cbbe1ae55be8fe1149c679bacdbf4a05759b7db3280593c10e0ce1,"3.14.5 (main, Jun 20 2026, 00:29:39) [GCC 15.2.0]",la64,1,small_file_count,5000,count
cpython_bench_fork-1-6f98bebe,cpython_bench_fork,bm_fork,la64,2k1000la,production,ext4-warm,c50669c2b59a7d6d979fb12aea42c1b508ed3765,216cbeb5f828b8ee5864f9bb52f3563d2d1a4846,6a4c6a1896cbbe1ae55be8fe1149c679bacdbf4a05759b7db3280593c10e0ce1,"3.14.5 (main, Jun 20 2026, 00:29:39) [GCC 15.2.0]",la64,1,child_process_count,65,count
cpython_bench_fork-1-6f98bebe,cpython_bench_fork,bm_fork,la64,2k1000la,production,ext4-warm,c50669c2b59a7d6d979fb12aea42c1b508ed3765,216cbeb5f828b8ee5864f9bb52f3563d2d1a4846,6a4c6a1896cbbe1ae55be8fe1149c679bacdbf4a05759b7db3280593c10e0ce1,"3.14.5 (main, Jun 20 2026, 00:29:39) [GCC 15.2.0]",la64,1,pipe_roundtrip_20_ns,38400449900,ns
cpython_bench_fork-1-6f98bebe,cpython_bench_fork,bm_fork,la64,2k1000la,production,ext4-warm,c50669c2b59a7d6d979fb12aea42c1b508ed3765,216cbeb5f828b8ee5864f9bb52f3563d2d1a4846,6a4c6a1896cbbe1ae55be8fe1149c679bacdbf4a05759b7db3280593c10e0ce1,"3.14.5 (main, Jun 20 2026, 00:29:39) [GCC 15.2.0]",la64,1,spawn_40_ns,76435687390,ns
cpython_bench_fork-1-6f98bebe,cpython_bench_fork,bm_fork,la64,2k1000la,production,ext4-warm,c50669c2b59a7d6d979fb12aea42c1b508ed3765,216cbeb5f828b8ee5864f9bb52f3563d2d1a4846,6a4c6a1896cbbe1ae55be8fe1149c679bacdbf4a05759b7db3280593c10e0ce1,"3.14.5 (main, Jun 20 2026, 00:29:39) [GCC 15.2.0]",la64,1,wait_status_stderr_env_ns,9520959080,ns
cpython_bench_thread-1-313525d1,cpython_bench_thread,bm_thread,la64,2k1000la,production,ext4-warm,c50669c2b59a7d6d979fb12aea42c1b508ed3765,216cbeb5f828b8ee5864f9bb52f3563d2d1a4846,6a4c6a1896cbbe1ae55be8fe1149c679bacdbf4a05759b7db3280593c10e0ce1,"3.14.5 (main, Jun 20 2026, 00:29:39) [GCC 15.2.0]",la64,1,daemon_create_join_50_ns,349334960,ns
cpython_bench_thread-1-313525d1,cpython_bench_thread,bm_thread,la64,2k1000la,production,ext4-warm,c50669c2b59a7d6d979fb12aea42c1b508ed3765,216cbeb5f828b8ee5864f9bb52f3563d2d1a4846,6a4c6a1896cbbe1ae55be8fe1149c679bacdbf4a05759b7db3280593c10e0ce1,"3.14.5 (main, Jun 20 2026, 00:29:39) [GCC 15.2.0]",la64,1,event_condition_ns,33009722770,ns
cpython_bench_thread-1-313525d1,cpython_bench_thread,bm_thread,la64,2k1000la,production,ext4-warm,c50669c2b59a7d6d979fb12aea42c1b508ed3765,216cbeb5f828b8ee5864f9bb52f3563d2d1a4846,6a4c6a1896cbbe1ae55be8fe1149c679bacdbf4a05759b7db3280593c10e0ce1,"3.14.5 (main, Jun 20 2026, 00:29:39) [GCC 15.2.0]",la64,1,queue_100000_ns,140892010780,ns
cpython_bench_thread-1-313525d1,cpython_bench_thread,bm_thread,la64,2k1000la,production,ext4-warm,c50669c2b59a7d6d979fb12aea42c1b508ed3765,216cbeb5f828b8ee5864f9bb52f3563d2d1a4846,6a4c6a1896cbbe1ae55be8fe1149c679bacdbf4a05759b7db3280593c10e0ce1,"3.14.5 (main, Jun 20 2026, 00:29:39) [GCC 15.2.0]",la64,1,thread_count,350,count
cpython_bench_thread-1-313525d1,cpython_bench_thread,bm_thread,la64,2k1000la,production,ext4-warm,c50669c2b59a7d6d979fb12aea42c1b508ed3765,216cbeb5f828b8ee5864f9bb52f3563d2d1a4846,6a4c6a1896cbbe1ae55be8fe1149c679bacdbf4a05759b7db3280593c10e0ce1,"3.14.5 (main, Jun 20 2026, 00:29:39) [GCC 15.2.0]",la64,1,thread_create_join_200_ns,1608825870,ns
cpython_bench_thread-1-313525d1,cpython_bench_thread,bm_thread,la64,2k1000la,production,ext4-warm,c50669c2b59a7d6d979fb12aea42c1b508ed3765,216cbeb5f828b8ee5864f9bb52f3563d2d1a4846,6a4c6a1896cbbe1ae55be8fe1149c679bacdbf4a05759b7db3280593c10e0ce1,"3.14.5 (main, Jun 20 2026, 00:29:39) [GCC 15.2.0]",la64,1,thread_work_join_100_ns,2234534340,ns
cpython_bench_thread-1-313525d1,cpython_bench_thread,bm_thread,la64,2k1000la,production,ext4-warm,c50669c2b59a7d6d979fb12aea42c1b508ed3765,216cbeb5f828b8ee5864f9bb52f3563d2d1a4846,6a4c6a1896cbbe1ae55be8fe1149c679bacdbf4a05759b7db3280593c10e0ce1,"3.14.5 (main, Jun 20 2026, 00:29:39) [GCC 15.2.0]",la64,1,uncontended_locks_ns,70895369280,ns
